s,k,w,t.1,t.2,t.3,c.1,c.2,c.3
0.07087049369389811,1,2,0.07087049369389811,0.47314711984009156,0.18623592014515644,TRUE,TRUE,FALSE
0.02762975240864999,2,2,1.4682668310060345,0.02762975240864999,0.21650844010615594,TRUE,TRUE,FALSE
0.15970041102264076,2,2,1.313477463329355,0.15970041102264076,0.3060844559054423,FALSE,TRUE,TRUE
0.28094080351152073,3,2,0.31442648599527,0.7408590131738514,0.28094080351152073,TRUE,FALSE,TRUE
0.2720878967931295,3,2,0.4869037450321596,0.35109575789183983,0.2720878967931295,TRUE,FALSE,TRUE
0.1250444460660219,3,2,0.27387295351515617,0.5386478346457423,0.1250444460660219,FALSE,TRUE,TRUE
0.14216893444860224,3,2,0.37964624245626644,0.20896064255126023,0.14216893444860224,FALSE,TRUE,TRUE
0.11152872664388269,2,2,0.1546329477181037,0.11152872664388269,0.13675928097218276,TRUE,TRUE,FALSE
0.010289239176394597,2,2,0.4273063127432307,0.010289239176394597,0.13031596019864083,TRUE,TRUE,FALSE
0.03926515517980596,3,2,0.5414974049695414,0.710156095627321,0.03926515517980596,TRUE,FALSE,TRUE
0.24314467936200135,1,2,0.24314467936200135,0.9085054830043292,0.2462165942331577,TRUE,FALSE,TRUE
0.09568580184131861,3,2,0.4131396002927463,0.380065293894283,0.09568580184131861,TRUE,FALSE,TRUE
0.01755448617041111,1,2,0.01755448617041111,0.14219214499462396,0.1504271538844133,TRUE,TRUE,FALSE
0.08724688775837422,3,2,0.2309975071499745,0.17937065934732221,0.08724688775837422,FALSE,TRUE,TRUE
0.07906690492389071,1,2,0.07906690492389071,0.7300108483741622,0.34048270171690476,TRUE,TRUE,FALSE
0.008364364737644792,2,2,0.6145860557782934,0.008364364737644792,0.0608754625543952,FALSE,TRUE,TRUE
0.08856541384011507,1,2,0.08856541384011507,0.308775375353846,0.18080786301425145,TRUE,FALSE,TRUE
0.07150419615209103,3,2,1.1892425527513493,0.19831867212310736,0.07150419615209103,FALSE,TRUE,TRUE
0.12666685925796628,2,2,0.19877555314451456,0.12666685925796628,0.5141671944157554,FALSE,TRUE,TRUE
0.09733986377250403,2,2,0.9772226660883587,0.09733986377250403,0.19349490326817365,FALSE,TRUE,TRUE
0.3028091951168359,2,2,0.4189971155749972,0.3028091951168359,0.7296535773995929,TRUE,TRUE,FALSE
0.02270460621865857,1,2,0.02270460621865857,0.2153904503106356,0.2003242646047843,TRUE,FALSE,TRUE
0.026470440832778237,3,2,0.11771948589012027,0.29105318499610133,0.026470440832778237,FALSE,TRUE,TRUE
0.08830854284670586,1,2,0.08830854284670586,0.5833085071911753,0.24798257387334355,TRUE,TRUE,FALSE
0.10719621212532122,1,2,0.10719621212532122,0.2015344025462151,0.2753716880371595,TRUE,TRUE,FALSE
0.031179882625590852,1,2,0.031179882625590852,0.4089789377828492,0.8185808818367246,TRUE,TRUE,FALSE
0.36586015576959063,1,2,0.36586015576959063,1.7370310772741018,0.3954985428433467,TRUE,FALSE,TRUE
0.22887427530561882,1,2,0.22887427530561882,0.24805698763953457,0.3468443166296531,TRUE,FALSE,TRUE
0.2018383569084108,1,2,0.2018383569084108,0.5031610606028201,0.2688142642294789,TRUE,FALSE,TRUE
0.24704823106408422,2,2,0.4966157084671737,0.24704823106408422,0.27450591306293254,FALSE,TRUE,TRUE
0.06624834376529648,1,2,0.06624834376529648,0.07014160056132823,0.4353063527242614,TRUE,TRUE,FALSE
0.02226451134982201,2,2,0.08480136515572667,0.02226451134982201,0.07700136735153051,FALSE,TRUE,TRUE
0.04828186065424234,2,2,0.10387385492217358,0.04828186065424234,0.0839101167395711,FALSE,TRUE,TRUE
0.04797788078711762,1,2,0.04797788078711762,0.3636849583240278,0.04912303760647774,TRUE,FALSE,TRUE
0.09586025767285815,2,2,0.19528669474528587,0.09586025767285815,0.6166728238169776,TRUE,TRUE,FALSE
0.008729537669569255,3,2,0.2164646948998173,0.4451565695716501,0.008729537669569255,FALSE,TRUE,TRUE
0.10520379594527185,2,2,0.4576360570747694,0.10520379594527185,0.1795092627322102,TRUE,TRUE,FALSE
0.011436444148421288,3,2,0.6980012425111851,0.056174568948335946,0.011436444148421288,TRUE,FALSE,TRUE
0.17555272759346247,2,2,0.8373357311712822,0.17555272759346247,0.24185752327645071,FALSE,TRUE,TRUE
0.07499413415789605,3,2,1.3648282506113454,0.3243377713847191,0.07499413415789605,TRUE,FALSE,TRUE
0.10208425313976854,1,2,0.10208425313976854,0.6391373411437214,0.3193150824847535,TRUE,TRUE,FALSE
0.05890964313551113,1,2,0.05890964313551113,1.1193768353502633,0.08182465148202049,TRUE,TRUE,FALSE
0.08612430549692363,2,2,0.7852905783382178,0.08612430549692363,0.1722855342349379,TRUE,TRUE,FALSE
0.10211277209843198,1,2,0.10211277209843198,0.1704727199394256,0.469433275354767,TRUE,TRUE,FALSE
0.05128658290952455,1,2,0.05128658290952455,0.20288474209275284,0.1459279470061684,TRUE,TRUE,FALSE
0.047519706189632416,3,2,0.27915035584103737,0.8637049197730543,0.047519706189632416,TRUE,FALSE,TRUE
0.03387818019837141,1,2,0.03387818019837141,0.12533753539901227,0.038435509987175466,TRUE,TRUE,FALSE
0.014369201473891736,3,2,0.05833865003660321,0.16132773202843964,0.014369201473891736,TRUE,FALSE,TRUE
0.17593730281975795,3,2,0.5733159678228497,0.19528461060367827,0.17593730281975795,FALSE,TRUE,TRUE
0.06925313997392853,1,2,0.06925313997392853,0.28466332283683426,0.6380826305927356,TRUE,TRUE,FALSE
0.2198672667145729,1,2,0.2198672667145729,0.4177222284278334,0.3229244611989308,TRUE,FALSE,TRUE
0.08867740742862225,3,2,0.15044354662920037,0.16402246104553342,0.08867740742862225,TRUE,FALSE,TRUE
0.08126626188586818,2,2,0.3188447822158636,0.08126626188586818,0.2968452678171993,TRUE,TRUE,FALSE
0.02429725239612365,3,2,0.0499543376887838,0.5814895820488871,0.02429725239612365,TRUE,FALSE,TRUE
0.04624071503058076,3,2,0.40986301344971265,0.2877522152819263,0.04624071503058076,FALSE,TRUE,TRUE
0.013145228754729033,3,2,0.20508402089277902,0.3098431741713763,0.013145228754729033,FALSE,TRUE,TRUE
0.08188506091634432,1,2,0.08188506091634432,0.10257376269136695,0.34018529316592705,TRUE,FALSE,TRUE
0.15835560858249664,2,2,0.248686291517286,0.15835560858249664,0.24924973863268143,TRUE,TRUE,FALSE
0.030174508069157877,3,2,0.11111387408648928,0.07290572265303624,0.030174508069157877,FALSE,TRUE,TRUE
0.01219441667199135,3,2,0.06392679516050853,0.023400206002406776,0.01219441667199135,FALSE,TRUE,TRUE
0.13875752419698983,2,2,0.45614339471946563,0.13875752419698983,0.25587699635976796,FALSE,TRUE,TRUE
0.12343692360445857,2,2,0.13433413999155164,0.12343692360445857,0.20194203089082485,FALSE,TRUE,TRUE
0.05375275632832199,2,2,0.08333952290316422,0.05375275632832199,0.47423282598418726,TRUE,TRUE,FALSE
0.052103810012340546,2,2,0.35486766694575955,0.052103810012340546,0.5302750196055842,FALSE,TRUE,TRUE
0.21439034048348968,2,2,0.7831124285233462,0.21439034048348968,0.6578201934359171,TRUE,TRUE,FALSE
0.14308808313217014,2,2,0.27531463092655345,0.14308808313217014,0.27631002216691025,TRUE,TRUE,FALSE
0.08133101738279924,3,2,0.29778304367129305,0.7147365565922977,0.08133101738279924,TRUE,FALSE,TRUE
0.00395331020662497,3,2,0.040751279182954354,0.18073865514129703,0.00395331020662497,TRUE,FALSE,TRUE
0.08077085018157959,2,2,0.8814736920920134,0.08077085018157959,0.08335201954469085,TRUE,TRUE,FALSE
0.20776429567814364,3,2,0.34670114706267985,0.36284990746290097,0.20776429567814364,FALSE,TRUE,TRUE
0.002840498525389125,3,2,0.7817139983067476,1.3266645636605683,0.002840498525389125,TRUE,FALSE,TRUE
0.2546884387647534,3,2,0.6825164258200012,0.5781178665032328,0.2546884387647534,FALSE,TRUE,TRUE
0.017958258162252605,2,2,0.22099762006352344,0.017958258162252605,0.13581826956942677,FALSE,TRUE,TRUE
0.03890266261003221,1,2,0.03890266261003221,0.11508080386556685,0.08309750055911469,TRUE,TRUE,FALSE
0.029247291013598443,3,2,0.15903283065805832,0.19862805887937848,0.029247291013598443,TRUE,FALSE,TRUE
0.07441558616764297,3,2,0.2727406145864765,0.31307413684085317,0.07441558616764297,FALSE,TRUE,TRUE
0.07298043996925987,3,2,0.9295994663671814,0.37282369376853713,0.07298043996925987,FALSE,TRUE,TRUE
0.01960985883621939,2,2,0.0831180477204422,0.01960985883621939,0.1673610808243776,FALSE,TRUE,TRUE
0.02122935454826802,2,2,0.45385508206824865,0.02122935454826802,0.44457504303803574,FALSE,TRUE,TRUE
0.02529533354697887,3,2,0.43456464756121643,0.030344526399858296,0.02529533354697887,FALSE,TRUE,TRUE
0.08099426096305251,2,2,0.682026045368918,0.08099426096305251,0.19203906039798502,FALSE,TRUE,TRUE
0.06714331407135193,2,2,1.0168631324605308,0.06714331407135193,0.14748174057913307,TRUE,TRUE,FALSE
0.15164818067569286,2,2,0.4844771337579568,0.15164818067569286,0.1816081025730708,FALSE,TRUE,TRUE
0.07263590430375189,2,2,0.1744081531651318,0.07263590430375189,0.21030043294404122,TRUE,TRUE,FALSE
0.23573285060465737,1,2,0.23573285060465737,0.49161135216937074,0.3201511852275182,TRUE,FALSE,TRUE
0.11744173578917981,3,2,0.3753691067158223,0.19780092303010258,0.11744173578917981,FALSE,TRUE,TRUE
0.18783193236837784,1,2,0.18783193236837784,0.6036977939923943,0.5851355373773898,TRUE,TRUE,FALSE
0.2085602765818859,3,2,0.318666423786485,0.3390960525616289,0.2085602765818859,FALSE,TRUE,TRUE
0.011234972315811421,2,2,0.18370360167076188,0.011234972315811421,0.1305448622442782,FALSE,TRUE,TRUE
0.08441904345527292,3,2,0.8070635341929516,0.32699881609410353,0.08441904345527292,FALSE,TRUE,TRUE
0.15329111844766885,2,2,0.3790324358129542,0.15329111844766885,0.376295002160554,FALSE,TRUE,TRUE
0.008632562239654362,2,2,0.5716259237098774,0.008632562239654362,0.18185781388634686,TRUE,TRUE,FALSE
0.08076491113752127,2,2,0.1254602000117302,0.08076491113752127,0.31559137588549147,TRUE,TRUE,FALSE
0.013868436942071186,3,2,0.11338243012626965,0.05592319602146745,0.013868436942071186,TRUE,FALSE,TRUE
0.045383994933217764,1,2,0.045383994933217764,0.533352501879487,0.22535734417939432,TRUE,FALSE,TRUE
0.20759844679201372,2,2,0.43770738499850426,0.20759844679201372,0.5046034667388869,FALSE,TRUE,TRUE
0.06381208775565028,3,2,0.18745716009289026,0.5670532051216557,0.06381208775565028,FALSE,TRUE,TRUE
0.05060476863921746,3,2,0.06303648992131153,0.6955508403059961,0.05060476863921746,TRUE,FALSE,TRUE
0.075703319113547,1,2,0.075703319113547,0.726769547867489,0.20063747241252905,TRUE,FALSE,TRUE
0.19427459458461213,2,2,0.6645662734625817,0.19427459458461213,0.5381584126250221,FALSE,TRUE,TRUE
0.11449574993457645,2,2,0.5099642611759981,0.11449574993457645,0.5735837434465719,TRUE,TRUE,FALSE
0.05078484083060175,2,2,0.2116251760162413,0.05078484083060175,0.12107486752793194,FALSE,TRUE,TRUE
0.006800864978382984,1,2,0.006800864978382984,0.17331204795159702,0.008978493325412274,TRUE,TRUE,FALSE
0.06624228423461319,3,2,0.8625630568292857,0.2305447014409334,0.06624228423461319,FALSE,TRUE,TRUE
0.2857837695460368,3,2,0.30028225759506627,0.4426929307891489,0.2857837695460368,FALSE,TRUE,TRUE
0.020315436646342278,2,2,0.03785999261034609,0.020315436646342278,0.030006112437695267,TRUE,TRUE,FALSE
0.0121458075940609,3,2,0.8855949745403847,0.031648332796062384,0.0121458075940609,TRUE,FALSE,TRUE
0.05996646101972959,3,2,0.5091039277333101,0.44999029485270986,0.05996646101972959,FALSE,TRUE,TRUE
0.004627184569835663,3,2,0.09173580986719122,0.37604979504967184,0.004627184569835663,FALSE,TRUE,TRUE
0.029951741453260183,2,2,0.12344326715295513,0.029951741453260183,0.3405568022112895,TRUE,TRUE,FALSE
0.03649677596986294,3,2,0.1422052487420539,0.4621795164211155,0.03649677596986294,FALSE,TRUE,TRUE
0.34519267856916197,1,2,0.34519267856916197,0.6191641133894862,0.8510322488204495,TRUE,FALSE,TRUE
0.17580954500400936,1,2,0.17580954500400936,0.7445911724349712,0.5730474923975697,TRUE,TRUE,FALSE
0.06669807543297364,3,2,0.15834523737430573,0.6667783776914419,0.06669807543297364,TRUE,FALSE,TRUE
0.007334562949836254,1,2,0.007334562949836254,0.39830036705513716,0.8524049080404188,TRUE,TRUE,FALSE
6.72998855784987e-4,1,2,6.72998855784987e-4,0.019811689853668213,0.26507078482860574,TRUE,FALSE,TRUE
0.032497722748667,3,2,0.5083466556884926,0.09530081087723374,0.032497722748667,FALSE,TRUE,TRUE
0.1391066259238869,2,2,0.5622115216424457,0.1391066259238869,0.5002008754507972,TRUE,TRUE,FALSE
0.02548868600279093,3,2,0.27944242487192555,0.1810968026321334,0.02548868600279093,FALSE,TRUE,TRUE
0.046662119101266004,3,2,0.057573089531312384,0.31260277469523556,0.046662119101266004,FALSE,TRUE,TRUE
0.04930298461880548,1,2,0.04930298461880548,0.07604510989040136,0.07404900267720223,TRUE,TRUE,FALSE
0.027922337129712108,3,2,0.43837907939990767,0.1930210554358559,0.027922337129712108,TRUE,FALSE,TRUE
0.04230801726571219,3,2,0.42823743508349266,0.06640541029628366,0.04230801726571219,TRUE,FALSE,TRUE
0.03757157344371081,3,2,0.24201062991979874,0.061465746664700956,0.03757157344371081,TRUE,FALSE,TRUE
8.976431563496591e-5,3,2,0.3451307273019394,0.08843914687167853,8.976431563496591e-5,TRUE,FALSE,TRUE
0.08865306461229921,3,2,0.8379914852226298,0.3984072399115623,0.08865306461229921,TRUE,FALSE,TRUE
0.03309434887573592,3,2,0.39546917750031163,0.4195842924317778,0.03309434887573592,TRUE,FALSE,TRUE
0.1267411314183846,2,2,1.0306511997708014,0.1267411314183846,0.21929099428558596,FALSE,TRUE,TRUE
5.099918926134706e-4,2,2,0.5198228488338877,5.099918926134706e-4,0.29801907090652474,TRUE,TRUE,FALSE
0.060486469728251294,1,2,0.060486469728251294,0.14332758996170014,0.10938143376260996,TRUE,TRUE,FALSE
0.1891609925692702,3,2,0.6130340868947983,0.5721347811316789,0.1891609925692702,TRUE,FALSE,TRUE
0.0016374178230762482,1,2,0.0016374178230762482,0.009567277040332556,0.23725351814150852,TRUE,FALSE,TRUE
0.04380908623958627,1,2,0.04380908623958627,0.24305220110223,0.33158555252659805,TRUE,TRUE,FALSE
0.275072481469218,1,2,0.275072481469218,0.5957326623684533,0.5214209783570243,TRUE,FALSE,TRUE
0.022240976403066538,2,2,0.25096788969974126,0.022240976403066538,0.1139775199815631,TRUE,TRUE,FALSE
0.09279710093831162,3,2,1.2366908806607328,0.22260123396195625,0.09279710093831162,FALSE,TRUE,TRUE
0.18560622966939455,3,2,0.7139200971352181,0.18592194885739388,0.18560622966939455,FALSE,TRUE,TRUE
0.08498317825918396,1,2,0.08498317825918396,0.20896730928192317,0.1412101354365969,TRUE,TRUE,FALSE
0.010047456342726947,3,2,0.662722953256774,0.3486685738688768,0.010047456342726947,FALSE,TRUE,TRUE
0.2514738192995175,2,2,0.3302453110475382,0.2514738192995175,0.2993207912724067,TRUE,TRUE,FALSE
0.22393635640943296,3,2,0.2616495831419071,0.27346585596792705,0.22393635640943296,FALSE,TRUE,TRUE
0.18111174878545408,2,2,0.9064773376610995,0.18111174878545408,0.18172149731868747,FALSE,TRUE,TRUE
0.15515411074036037,3,2,0.3691895147290939,0.4032310461415411,0.15515411074036037,FALSE,TRUE,TRUE
0.01631675319125255,1,2,0.01631675319125255,0.48494611911237845,0.5549992054364778,TRUE,FALSE,TRUE
0.24815269744486018,1,2,0.24815269744486018,0.7204724765236975,0.26415183394307146,TRUE,FALSE,TRUE
0.05353373382240534,1,2,0.05353373382240534,0.8014582637277367,0.1581955525940085,TRUE,TRUE,FALSE
0.0801651761867106,2,2,0.16350426571443677,0.0801651761867106,0.20040180617433134,TRUE,TRUE,FALSE
0.06552189181093127,2,2,0.08273117523640394,0.06552189181093127,0.06747609740123153,TRUE,TRUE,FALSE
0.12835019854828716,3,2,0.6564157244779747,0.2751089816342325,0.12835019854828716,FALSE,TRUE,TRUE
0.03874985273933576,2,2,0.14090535174418217,0.03874985273933576,0.10670193014666439,FALSE,TRUE,TRUE
0.09172850719187409,2,2,1.5913430513594788,0.09172850719187409,0.09596981266513467,TRUE,TRUE,FALSE
0.01650304812937975,1,2,0.01650304812937975,0.10356995090842247,0.9373093284162428,TRUE,FALSE,TRUE
0.03059128090497261,3,2,0.07109110228096445,0.568682338545257,0.03059128090497261,TRUE,FALSE,TRUE
0.0098227484151721,3,2,0.13297674944624305,0.2774199014424563,0.0098227484151721,TRUE,FALSE,TRUE
0.18182381849320317,1,2,0.18182381849320317,0.8400418776598694,0.1888094506723313,TRUE,FALSE,TRUE
0.016692035565935247,1,2,0.016692035565935247,0.23857216928058889,0.14911524615341668,TRUE,FALSE,TRUE
0.15121385719006258,1,2,0.15121385719006258,0.2173933917551518,0.2198730619540239,TRUE,TRUE,FALSE
0.22905361092740542,3,2,0.3435517611778388,1.1607090429704072,0.22905361092740542,FALSE,TRUE,TRUE
0.03509763396853596,2,2,0.03839543927460909,0.03509763396853596,0.04381446558982134,FALSE,TRUE,TRUE
0.0445710988715291,2,2,0.16175115387886763,0.0445710988715291,0.1989352553998852,FALSE,TRUE,TRUE
0.04208390659186989,2,2,0.05769642298685386,0.04208390659186989,0.12186964293941856,FALSE,TRUE,TRUE
0.34294177279959526,1,2,0.34294177279959526,0.42745349705475444,1.1549513585110263,TRUE,TRUE,FALSE
0.028142396589268506,2,2,0.04815321107898047,0.028142396589268506,0.3001758109610129,FALSE,TRUE,TRUE
0.0049992455169558525,3,2,1.0909097020264626,1.0126682011816803,0.0049992455169558525,FALSE,TRUE,TRUE
0.19283950825532276,1,2,0.19283950825532276,0.4335584635636271,0.23500463198030241,TRUE,TRUE,FALSE
0.027421994134783745,1,2,0.027421994134783745,0.03375543626291503,0.05805736826732755,TRUE,TRUE,FALSE
0.14976879919413477,2,2,0.22946180123835802,0.14976879919413477,0.274479963622036,FALSE,TRUE,TRUE
0.11460953904315829,3,2,0.15058866422623396,0.4104950520931245,0.11460953904315829,FALSE,TRUE,TRUE
0.1295399927534163,3,2,0.2588487658509652,0.23504863468811218,0.1295399927534163,FALSE,TRUE,TRUE
0.5578129403013071,1,2,0.5578129403013071,0.8982799997959438,0.692408290471802,TRUE,TRUE,FALSE
0.11443914687260986,3,2,0.11770588268215457,0.252986953117627,0.11443914687260986,TRUE,FALSE,TRUE
0.13675338737666606,3,2,0.5309264802404325,0.17850353143160055,0.13675338737666606,TRUE,FALSE,TRUE
0.09579730776142324,3,2,0.20486175719027716,0.19812318058231213,0.09579730776142324,TRUE,FALSE,TRUE
0.011193462181836367,1,2,0.011193462181836367,0.33492790417626805,0.08842970687553045,TRUE,TRUE,FALSE
0.009512055901808177,2,2,0.03265282729633142,0.009512055901808177,0.4448072712616397,FALSE,TRUE,TRUE
0.03981619914993644,3,2,0.23241054172158643,0.2391961558962618,0.03981619914993644,FALSE,TRUE,TRUE
0.04245288793706595,2,2,0.2636670007540822,0.04245288793706595,0.2654790872623945,FALSE,TRUE,TRUE
0.11566185439005494,1,2,0.11566185439005494,0.2495465879223526,0.6482560859697846,TRUE,TRUE,FALSE
0.04216302572707524,1,2,0.04216302572707524,0.35866614445457956,0.3307018950413514,TRUE,TRUE,FALSE
0.08293381193652749,3,2,0.08995455239589015,0.42943475486472854,0.08293381193652749,TRUE,FALSE,TRUE
0.11699496498331428,3,2,0.5269455756381067,0.1470697729382664,0.11699496498331428,FALSE,TRUE,TRUE
0.008352768793702127,3,2,0.6942527696517381,0.6434998674934448,0.008352768793702127,TRUE,FALSE,TRUE
0.022252348251640797,1,2,0.022252348251640797,0.29305086283825643,0.21943632762698587,TRUE,FALSE,TRUE
0.10650078440085053,3,2,0.2414231778292895,0.2280362476342892,0.10650078440085053,TRUE,FALSE,TRUE
0.08240279753226787,2,2,0.7500848390033799,0.08240279753226787,0.7391196470287564,TRUE,TRUE,FALSE
0.27981943027579004,1,2,0.27981943027579004,0.47253184150426664,0.3236944474111844,TRUE,TRUE,FALSE
0.07041862718760968,3,2,0.19227348966524005,0.30191895760476894,0.07041862718760968,TRUE,FALSE,TRUE
0.11413162332028151,3,2,0.4319026268257738,0.29506043995611675,0.11413162332028151,TRUE,FALSE,TRUE
0.009288158345738073,3,2,0.5765896929768801,0.1853693609392501,0.009288158345738073,TRUE,FALSE,TRUE
0.23571690618151672,3,2,0.7408380644900059,0.5537676452344001,0.23571690618151672,TRUE,FALSE,TRUE
0.06039655589074817,2,2,0.24890716071527963,0.06039655589074817,1.118727184464413,FALSE,TRUE,TRUE
6.152459730704625e-4,1,2,6.152459730704625e-4,0.011899933102540672,0.05661459276452661,TRUE,FALSE,TRUE
0.008790726836191073,2,2,0.3434576103323739,0.008790726836191073,0.4719442564742042,FALSE,TRUE,TRUE
0.24507038021751104,2,2,0.28124566405853035,0.24507038021751104,0.9378112770112899,TRUE,TRUE,FALSE
0.10080739064142108,1,2,0.10080739064142108,0.8249014168557646,0.19038676004016641,TRUE,FALSE,TRUE
0.012104592102517544,3,2,0.08542313814784089,0.0736669007629993,0.012104592102517544,FALSE,TRUE,TRUE
0.08403796404600145,3,2,0.17933718378966051,0.0964273395948112,0.08403796404600145,FALSE,TRUE,TRUE
0.16853689457381016,3,2,0.25602380961021187,0.7641524374064924,0.16853689457381016,FALSE,TRUE,TRUE
0.151912578313523,3,2,0.1850542870039741,0.26180208263799853,0.151912578313523,FALSE,TRUE,TRUE
0.006602756679058075,1,2,0.006602756679058075,0.030075347051024437,0.17104363697308342,TRUE,FALSE,TRUE
0.234989942229333,3,2,0.2462935058832984,0.5705163233886635,0.234989942229333,TRUE,FALSE,TRUE
0.11630581272765994,3,2,0.12447296207149823,0.7224929201927902,0.11630581272765994,TRUE,FALSE,TRUE
0.23557837455624586,3,2,0.8920315485027552,0.4540101564279259,0.23557837455624586,FALSE,TRUE,TRUE
0.00714768065760533,1,2,0.00714768065760533,0.09565421321894974,0.14113958346748595,TRUE,TRUE,FALSE
0.12965083485469223,3,2,0.1624866231965522,0.8461274541494371,0.12965083485469223,TRUE,FALSE,TRUE
0.03751576012000442,3,2,0.4533795090252202,0.08104162057861686,0.03751576012000442,TRUE,FALSE,TRUE
0.06037335190922022,1,2,0.06037335190922022,0.2604503128101846,0.15170336849147326,TRUE,FALSE,TRUE
0.013605038555951321,3,2,0.877476732925386,0.11010651430115104,0.013605038555951321,TRUE,FALSE,TRUE
0.03447045444045216,2,2,0.42165069963624485,0.03447045444045216,0.09900160701945425,TRUE,TRUE,FALSE
0.043809354093248716,2,2,0.9592826117511751,0.043809354093248716,0.5989200892832863,FALSE,TRUE,TRUE
0.04082733588293195,3,2,0.18692116982614,0.049095312715508044,0.04082733588293195,TRUE,FALSE,TRUE
0.028222601239879925,1,2,0.028222601239879925,0.047840186627581716,0.5317913051442577,TRUE,TRUE,FALSE
0.12197442511096597,3,2,0.3665527629382524,1.0563539536039712,0.12197442511096597,TRUE,FALSE,TRUE
0.10562909409508527,1,2,0.10562909409508527,0.40848918917838023,0.6469936892054178,TRUE,FALSE,TRUE
0.19791339912141362,1,2,0.19791339912141362,0.8598721231845142,0.29571651516664516,TRUE,FALSE,TRUE
0.0148546707816422,3,2,0.39115345290393044,0.040000895691965306,0.0148546707816422,TRUE,FALSE,TRUE
0.08796186035033315,2,2,0.2612189442400178,0.08796186035033315,0.11778824729844928,FALSE,TRUE,TRUE
0.09808241585269571,3,2,0.3131193180118045,0.30234250588223643,0.09808241585269571,TRUE,FALSE,TRUE
0.2394641915099859,1,2,0.2394641915099859,0.24874006932482426,0.4188453245655967,TRUE,FALSE,TRUE
0.03520265948027373,3,2,0.08682394710679849,0.11755826452281326,0.03520265948027373,TRUE,FALSE,TRUE
0.09554641405120493,3,2,0.1158588700927794,0.16878320358227938,0.09554641405120493,FALSE,TRUE,TRUE
0.031103409081697467,3,2,1.2382729569007385,0.07215733255725354,0.031103409081697467,FALSE,TRUE,TRUE
0.15085603514039067,1,2,0.15085603514039067,0.9720058678124252,0.37923843486416825,TRUE,FALSE,TRUE
0.08220144864203954,3,2,0.16577217277760306,0.3169106030731679,0.08220144864203954,FALSE,TRUE,TRUE
0.0031004458245745864,1,2,0.0031004458245745864,0.5855537713190259,0.2758684031581307,TRUE,FALSE,TRUE
0.25357856189232414,2,2,0.26763617370119097,0.25357856189232414,0.48524465372128023,TRUE,TRUE,FALSE
0.03807494882494211,3,2,0.12296756698439518,0.5285777165239395,0.03807494882494211,TRUE,FALSE,TRUE
0.006337243597954512,1,2,0.006337243597954512,0.4688159003643752,0.25632868091666944,TRUE,FALSE,TRUE
0.1560838088626042,2,2,0.4222393364815951,0.1560838088626042,0.4179891918206169,TRUE,TRUE,FALSE
0.037655953971734026,1,2,0.037655953971734026,0.12111990433186293,0.13952782354131538,TRUE,FALSE,TRUE
0.05187073675915599,1,2,0.05187073675915599,0.1343068680331069,0.07091204952448607,TRUE,FALSE,TRUE
0.08927576422339231,2,2,0.4896702170091948,0.08927576422339231,0.14957785344773775,FALSE,TRUE,TRUE
0.1810807513434186,3,2,1.2442519086644255,0.3089337083406032,0.1810807513434186,TRUE,FALSE,TRUE
0.17991068995648865,3,2,0.4684177208411774,0.4824236151552261,0.17991068995648865,TRUE,FALSE,TRUE
0.15926578703025976,1,2,0.15926578703025976,1.019899022115682,0.3291175093440972,TRUE,TRUE,FALSE
0.0072892517782747746,3,2,0.1558778762506942,0.4862888310825885,0.0072892517782747746,TRUE,FALSE,TRUE
0.15851858885336836,3,2,0.9091722759929419,0.1726131971227005,0.15851858885336836,FALSE,TRUE,TRUE
0.074540651217103,3,2,0.08756687336911757,0.5069761862768294,0.074540651217103,TRUE,FALSE,TRUE
0.0995832794966797,1,2,0.0995832794966797,0.11137897812295705,0.4916408654050304,TRUE,TRUE,FALSE
0.13302788801956922,2,2,1.177793122575014,0.13302788801956922,0.20537188417971822,FALSE,TRUE,TRUE
0.1277176077477634,3,2,0.2549149148647031,0.2646032684675124,0.1277176077477634,FALSE,TRUE,TRUE
0.04145691593859267,3,2,0.19078981829807162,1.004461460997062,0.04145691593859267,FALSE,TRUE,TRUE
0.04434062366775396,3,2,0.4560234946990054,0.12095126579515636,0.04434062366775396,TRUE,FALSE,TRUE
0.05966146710328574,2,2,0.5914295743870815,0.05966146710328574,0.4226679685917006,FALSE,TRUE,TRUE
0.09241022001581076,2,2,0.16913327955426388,0.09241022001581076,1.3298341239977698,FALSE,TRUE,TRUE
0.019056687713600695,2,2,0.291531067327563,0.019056687713600695,0.34445607300839487,TRUE,TRUE,FALSE
0.1140751849859953,3,2,0.353786381568416,0.35085345384108224,0.1140751849859953,FALSE,TRUE,TRUE
0.012448369222380254,3,2,0.02130734547972679,0.9150794012878242,0.012448369222380254,TRUE,FALSE,TRUE
0.07523699225857855,3,2,0.7692188610631902,0.15274805831722915,0.07523699225857855,FALSE,TRUE,TRUE
0.029521119451291145,3,2,0.15465107404937345,0.5966711197664679,0.029521119451291145,TRUE,FALSE,TRUE
0.08833367060869933,3,2,0.6405954602825722,0.20653328927114908,0.08833367060869933,FALSE,TRUE,TRUE
0.018410122022032738,2,2,0.03328501169259349,0.018410122022032738,0.06423194036816829,TRUE,TRUE,FALSE
0.09541273630886817,1,2,0.09541273630886817,0.24341042967394297,0.12102429904043675,TRUE,TRUE,FALSE
0.1612814998952672,2,2,0.6444227527546963,0.1612814998952672,0.3181094014140564,FALSE,TRUE,TRUE
0.022029384621419013,2,2,0.7000142167833567,0.022029384621419013,0.02785763340457761,FALSE,TRUE,TRUE
0.054213427845388656,3,2,0.16549528982896763,0.16279043699614704,0.054213427845388656,FALSE,TRUE,TRUE
0.04825953836552799,2,2,0.2639850749333589,0.04825953836552799,0.06298568397760392,TRUE,TRUE,FALSE
0.041345107718370855,2,2,0.11874686134979129,0.041345107718370855,0.22374092649899843,TRUE,TRUE,FALSE
0.25319799686873207,3,2,0.5896512170352619,0.4550933460883428,0.25319799686873207,TRUE,FALSE,TRUE
0.030776064335827292,2,2,0.11800123408429608,0.030776064335827292,0.17400054353380445,TRUE,TRUE,FALSE
0.00893542705175282,1,2,0.00893542705175282,0.0224039473105222,0.05588798141106963,TRUE,TRUE,FALSE
0.0212800169053177,1,2,0.0212800169053177,0.24319191534850537,0.057972329109907156,TRUE,FALSE,TRUE
0.19035071059221273,3,2,0.22331704571843147,0.19357995995794341,0.19035071059221273,TRUE,FALSE,TRUE
0.025427407897711696,1,2,0.025427407897711696,0.5264249722812604,0.22997682633900887,TRUE,FALSE,TRUE
0.09227031632326543,2,2,0.5459057551839035,0.09227031632326543,0.4576223837462359,FALSE,TRUE,TRUE
0.09196878801096263,2,2,0.2863361043715517,0.09196878801096263,0.1130288451910019,FALSE,TRUE,TRUE
0.045659460406750445,3,2,0.2812883369484584,0.47553278457135567,0.045659460406750445,FALSE,TRUE,TRUE
0.027994573768228295,3,2,0.7787581307437865,0.34653672132522173,0.027994573768228295,TRUE,FALSE,TRUE
0.17912453785538673,1,2,0.17912453785538673,0.311378752103749,0.7142006944444897,TRUE,TRUE,FALSE
0.16204921792571741,1,2,0.16204921792571741,0.2987104039534212,0.2653916584243799,TRUE,FALSE,TRUE
0.02643531165085733,2,2,0.7583413690825022,0.02643531165085733,0.23698411319797474,TRUE,TRUE,FALSE
0.0026244467590004206,2,2,0.4881708000816982,0.0026244467590004206,0.048658314254134895,TRUE,TRUE,FALSE
0.10449781082570553,1,2,0.10449781082570553,0.3201364900346131,0.3462105426769305,TRUE,TRUE,FALSE
0.18162398639970212,3,2,0.2644238655620107,0.45703561415658006,0.18162398639970212,FALSE,TRUE,TRUE
0.033266411535441874,3,2,0.18461140741904575,0.1365069318562746,0.033266411535441874,FALSE,TRUE,TRUE
0.04417212580146189,2,2,0.44123403912872483,0.04417212580146189,0.3952387016098548,TRUE,TRUE,FALSE
0.001131278177251063,1,2,0.001131278177251063,0.7339796106842281,0.10109643042087556,TRUE,TRUE,FALSE
0.013891971359650293,1,2,0.013891971359650293,0.07177216524723917,0.44386063029331696,TRUE,FALSE,TRUE
0.022824274673549895,1,2,0.022824274673549895,0.07861879612865828,0.548516701509185,TRUE,TRUE,FALSE
0.032487712179621056,1,2,0.032487712179621056,0.4419190943962396,0.08818870691628222,TRUE,TRUE,FALSE
0.14364608264619355,3,2,0.22887341817840934,0.6671469821279586,0.14364608264619355,FALSE,TRUE,TRUE
0.11159301471146084,2,2,0.3084967322407348,0.11159301471146084,0.23314966819340235,FALSE,TRUE,TRUE
0.06441579880192876,3,2,0.1049453451608618,0.7901049125519516,0.06441579880192876,FALSE,TRUE,TRUE
0.026248194012429202,1,2,0.026248194012429202,1.5734500246108596,0.1338070422410965,TRUE,FALSE,TRUE
0.050419320818036795,2,2,0.2735856982428869,0.050419320818036795,0.05928675495088101,FALSE,TRUE,TRUE
0.031263999756213814,1,2,0.031263999756213814,0.24050969536297326,0.3170095540415097,TRUE,TRUE,FALSE
0.065808732714504,3,2,0.15285996161401272,0.4169179368554116,0.065808732714504,TRUE,FALSE,TRUE
0.02257638839928773,3,2,0.3638105019386196,0.22507753734357958,0.02257638839928773,FALSE,TRUE,TRUE
0.01378662702737086,1,2,0.01378662702737086,0.3021466624818028,0.019689138792455197,TRUE,TRUE,FALSE
0.036385360173881054,1,2,0.036385360173881054,0.2677093818691682,0.16591053455227855,TRUE,TRUE,FALSE
0.013391997069228005,1,2,0.013391997069228005,0.3001825100899661,0.11221559960395099,TRUE,TRUE,FALSE
0.03302299662506999,2,2,0.12895557206744948,0.03302299662506999,0.09574588295072317,TRUE,TRUE,FALSE
0.0637020302143782,1,2,0.0637020302143782,0.32943754176490314,0.32242514601159583,TRUE,TRUE,FALSE
0.0014410572906551787,1,2,0.0014410572906551787,0.026007464504800737,0.006111103110015392,TRUE,TRUE,FALSE
0.010954445298614245,1,2,0.010954445298614245,0.08906021248549223,0.027794420626014473,TRUE,FALSE,TRUE
0.11961688986048102,1,2,0.11961688986048102,0.44427847080292354,0.22346848553155774,TRUE,FALSE,TRUE
0.04035305893048644,3,2,0.042082423344254494,0.5197208616672517,0.04035305893048644,FALSE,TRUE,TRUE
0.010736820992854524,2,2,0.018746860933723193,0.010736820992854524,0.4499115776018573,FALSE,TRUE,TRUE
0.033214360785981015,1,2,0.033214360785981015,0.10188886453397572,0.07733007203787566,TRUE,FALSE,TRUE
0.11456379143055528,2,2,0.11716577084735036,0.11456379143055528,0.1891605097716475,FALSE,TRUE,TRUE
0.017128378618508577,2,2,0.8191076373882216,0.017128378618508577,0.2883605895301281,FALSE,TRUE,TRUE
0.035868141800165176,2,2,1.3168790259008807,0.035868141800165176,0.29687518997300155,FALSE,TRUE,TRUE
0.0984161944128573,3,2,0.46284456424098025,0.15553538117092103,0.0984161944128573,TRUE,FALSE,TRUE
0.008204028941690922,1,2,0.008204028941690922,1.2328282922840905,0.021831850893795492,TRUE,FALSE,TRUE
0.20529010565951467,1,2,0.20529010565951467,0.37027491605813084,0.25271647087389476,TRUE,FALSE,TRUE
0.20339033776014415,3,2,1.4719093457899508,0.4331184490373791,0.20339033776014415,TRUE,FALSE,TRUE
0.35436358785439026,3,2,1.1358243176774345,0.35716393226182935,0.35436358785439026,FALSE,TRUE,TRUE
0.051326815388165414,2,2,0.6903878872313183,0.051326815388165414,0.17247470076287036,FALSE,TRUE,TRUE
0.006048583949521983,3,2,0.3268699621020794,0.012047278345562518,0.006048583949521983,FALSE,TRUE,TRUE
0.019999384284631466,3,2,1.791723450586627,0.41359410991654405,0.019999384284631466,TRUE,FALSE,TRUE
0.023350238409408874,2,2,0.9719339372941362,0.023350238409408874,0.15891566126698498,FALSE,TRUE,TRUE
0.10522755875717849,2,2,0.47615113549293997,0.10522755875717849,0.10673576082511481,TRUE,TRUE,FALSE
0.0772254504263401,3,2,0.5244077276158413,0.39072927830502996,0.0772254504263401,TRUE,FALSE,TRUE
0.24586531472273473,2,2,0.27640790925513115,0.24586531472273473,0.9465805030855086,TRUE,TRUE,FALSE
0.010002039645539586,2,2,0.4691314722017248,0.010002039645539586,0.30454777067709454,TRUE,TRUE,FALSE
0.028541139233857395,3,2,0.12016238582630952,0.15996403072495013,0.028541139233857395,TRUE,FALSE,TRUE
0.07053212274748454,3,2,0.11735368861506382,0.07076949536487284,0.07053212274748454,TRUE,FALSE,TRUE
0.16295855189673603,2,2,0.22601669126500684,0.16295855189673603,0.16492587140852455,FALSE,TRUE,TRUE
0.1690517855470915,3,2,0.28053565321952506,0.30668016708337076,0.1690517855470915,TRUE,FALSE,TRUE
0.15160748176276684,2,2,0.8090659596847615,0.15160748176276684,0.5544100600974037,FALSE,TRUE,TRUE
0.0754232706727999,1,2,0.0754232706727999,0.1653228042414412,0.344535227475648,TRUE,TRUE,FALSE
0.08266074238345028,3,2,0.2283744590046505,0.2783381135563583,0.08266074238345028,TRUE,FALSE,TRUE
0.01447276019427594,2,2,0.7115484443926868,0.01447276019427594,0.41391559688556684,TRUE,TRUE,FALSE
0.10565712780571873,3,2,0.3229533838354716,0.5371047709753455,0.10565712780571873,FALSE,TRUE,TRUE
0.03306161668151617,3,2,0.07675613649189472,0.6107981319042788,0.03306161668151617,TRUE,FALSE,TRUE
0.020151158329099417,1,2,0.020151158329099417,0.04166442265807485,0.06095726937055588,TRUE,TRUE,FALSE
0.01577186640352011,3,2,0.10514420565838614,0.1041184017858573,0.01577186640352011,TRUE,FALSE,TRUE
0.043100028790146336,3,2,0.5545686717389335,0.22420930469673622,0.043100028790146336,FALSE,TRUE,TRUE
0.2662326749330188,3,2,0.8636182117787123,0.9956152191791835,0.2662326749330188,TRUE,FALSE,TRUE
0.08335085725411773,1,2,0.08335085725411773,0.10777276614190691,0.3391613983396416,TRUE,TRUE,FALSE
0.1339557676576078,3,2,0.6084162253209908,0.9101571081612411,0.1339557676576078,TRUE,FALSE,TRUE
0.08010221393778921,3,2,0.08974567567929626,0.3990383357530893,0.08010221393778921,TRUE,FALSE,TRUE
0.1805772633759361,3,2,0.23902955525706615,0.22104076178625529,0.1805772633759361,FALSE,TRUE,TRUE
0.05886573858443214,1,2,0.05886573858443214,0.11015379126183689,0.334551735578065,TRUE,FALSE,TRUE
0.2210313764711221,1,2,0.2210313764711221,0.28102561667442627,0.4570072959856464,TRUE,FALSE,TRUE
0.057563888019232345,3,2,0.38881226410309877,0.936384176317245,0.057563888019232345,FALSE,TRUE,TRUE
0.05932301643770188,2,2,0.097397749312222,0.05932301643770188,0.06869130441676659,FALSE,TRUE,TRUE
0.1858188003922502,1,2,0.1858188003922502,0.2009554640284956,0.34944872630942353,TRUE,FALSE,TRUE
0.11295509980991483,3,2,0.27863020789961424,0.6072511220967115,0.11295509980991483,TRUE,FALSE,TRUE
0.13954964016253749,1,2,0.13954964016253749,0.5814203354214967,0.14693507029766087,TRUE,FALSE,TRUE
0.17083879637842375,1,2,0.17083879637842375,0.3218703064962507,0.18607994373047596,TRUE,FALSE,TRUE
0.027598160319030285,2,2,0.155175337946689,0.027598160319030285,0.2110998036255861,TRUE,TRUE,FALSE
0.12589597376063466,3,2,0.13233377613748112,0.26365246236392953,0.12589597376063466,FALSE,TRUE,TRUE
7.985689242162785e-4,1,2,7.985689242162785e-4,0.4053382519422532,0.2736289583062554,TRUE,FALSE,TRUE
0.005133472636896786,1,2,0.005133472636896786,0.32797837675430186,0.21373692973608024,TRUE,FALSE,TRUE
0.015875131450593473,3,2,0.06032894225791097,0.020330150714976698,0.015875131450593473,TRUE,FALSE,TRUE
0.06660591450054199,2,2,0.07676391024142504,0.06660591450054199,0.07160278419032694,FALSE,TRUE,TRUE
0.20886693763637787,3,2,0.4561612736293714,0.2555342311865867,0.20886693763637787,TRUE,FALSE,TRUE
0.11748034844640642,2,2,0.33867069177171,0.11748034844640642,0.35539129635501393,TRUE,TRUE,FALSE
0.025076508825966085,2,2,0.10275472529853383,0.025076508825966085,0.12450403887778522,TRUE,TRUE,FALSE
7.43287499062717e-4,2,2,0.24591044862906541,7.43287499062717e-4,0.01961951302364469,FALSE,TRUE,TRUE
0.18652151430838113,2,2,0.22233507238949338,0.18652151430838113,0.26989978215748317,FALSE,TRUE,TRUE
0.10913029639050364,3,2,0.49479251848837547,0.34574467617899485,0.10913029639050364,FALSE,TRUE,TRUE
0.18285655338938037,1,2,0.18285655338938037,0.23078826674141292,0.30552810191466184,TRUE,TRUE,FALSE
0.18733575937929237,2,2,0.22119358104343215,0.18733575937929237,0.5758852705023386,TRUE,TRUE,FALSE
0.02873732871375978,2,2,0.36381545653967373,0.02873732871375978,0.27795315755713473,FALSE,TRUE,TRUE
0.09498957111725599,2,2,0.35956820254366006,0.09498957111725599,0.10840258998796344,TRUE,TRUE,FALSE
0.0548555125715211,2,2,0.6053281987334924,0.0548555125715211,0.056187671888619665,TRUE,TRUE,FALSE
0.025587160722352564,2,2,0.6230517644155106,0.025587160722352564,0.0323742619715631,FALSE,TRUE,TRUE
0.07177266514239611,3,2,0.3077660668501298,1.029141811135799,0.07177266514239611,TRUE,FALSE,TRUE
0.012140430510044098,3,2,0.23201023148821187,0.03976411675103009,0.012140430510044098,FALSE,TRUE,TRUE
0.0032418236423219383,1,2,0.0032418236423219383,0.5733515894656719,0.027334092650562525,TRUE,TRUE,FALSE
0.020329732160634165,2,2,0.1590284025780652,0.020329732160634165,0.2765928234820986,FALSE,TRUE,TRUE
0.012680421117693186,1,2,0.012680421117693186,0.04183203401044011,0.14822632781321052,TRUE,TRUE,FALSE
0.01875170795246959,3,2,0.39643545848104456,0.042589106131345034,0.01875170795246959,FALSE,TRUE,TRUE
0.0011802621775196705,3,2,0.06778533213461438,0.02391957281832692,0.0011802621775196705,TRUE,FALSE,TRUE
0.028284683238286517,2,2,0.6601271144765696,0.028284683238286517,0.3999786566774894,FALSE,TRUE,TRUE
0.02243380108848214,3,2,0.13950032709787288,0.23772043454341893,0.02243380108848214,TRUE,FALSE,TRUE
0.004098324834205272,1,2,0.004098324834205272,0.23553052619890213,0.5145977955059482,TRUE,TRUE,FALSE
0.04184873402709047,3,2,0.7923340145078421,0.08933292899746448,0.04184873402709047,FALSE,TRUE,TRUE
0.02385199156987328,1,2,0.02385199156987328,0.03227155997001662,0.3300438374112893,TRUE,FALSE,TRUE
0.03865828147778908,1,2,0.03865828147778908,0.1659592215437442,0.3053850423376609,TRUE,TRUE,FALSE
7.787427465786737e-4,2,2,0.21600808529183269,7.787427465786737e-4,0.14808210740748068,FALSE,TRUE,TRUE
0.00813685276079923,2,2,0.24169002534042205,0.00813685276079923,0.31906309014368545,FALSE,TRUE,TRUE
0.14621031656021122,3,2,0.5905176195967278,0.4759784871502281,0.14621031656021122,FALSE,TRUE,TRUE
0.13853448312729597,3,2,0.5453331954497179,0.16644616273697466,0.13853448312729597,FALSE,TRUE,TRUE
0.018445277211715388,2,2,0.17901615845039487,0.018445277211715388,0.10405478887259961,FALSE,TRUE,TRUE
0.021062949597844483,2,2,0.7947647030976535,0.021062949597844483,0.07379685720616487,FALSE,TRUE,TRUE
0.09408567300484498,3,2,0.2184693798074763,0.4416355574596457,0.09408567300484498,FALSE,TRUE,TRUE
0.01044800791766006,3,2,0.5785108810631514,0.11968008205983463,0.01044800791766006,TRUE,FALSE,TRUE
0.06289912623614519,2,2,0.5965444978864358,0.06289912623614519,0.1698922757510101,FALSE,TRUE,TRUE
0.13117472967132926,2,2,0.3525695397068104,0.13117472967132926,0.746683375512477,FALSE,TRUE,TRUE
0.05133066306998543,3,2,0.7212442167089953,0.07166172302507708,0.05133066306998543,TRUE,FALSE,TRUE
0.027746308688074352,3,2,0.116434788176169,0.17843372722968762,0.027746308688074352,FALSE,TRUE,TRUE
0.13687082519754767,3,2,0.25915463945992306,0.3001595949649096,0.13687082519754767,TRUE,FALSE,TRUE
0.14569205387185016,1,2,0.14569205387185016,0.18497187919803834,0.37862578181732187,TRUE,FALSE,TRUE
0.047820745874196297,3,2,0.14577087371920544,0.5517236389836014,0.047820745874196297,TRUE,FALSE,TRUE
0.0061843786388635635,3,2,0.5979412359215897,0.30526484222032435,0.0061843786388635635,TRUE,FALSE,TRUE
0.022775243591633507,1,2,0.022775243591633507,0.061166574801236065,0.11195499254390598,TRUE,TRUE,FALSE
0.017159191984683277,3,2,0.026219578301188987,0.3243494988314093,0.017159191984683277,TRUE,FALSE,TRUE
0.02002001355867833,2,2,0.8634085760342202,0.02002001355867833,0.24426614708379937,FALSE,TRUE,TRUE
0.11444006278179586,2,2,0.9166298365421217,0.11444006278179586,0.12597494907677173,FALSE,TRUE,TRUE
0.003106227920701106,1,2,0.003106227920701106,0.11446377180982381,0.42035384691242844,TRUE,FALSE,TRUE
0.025339269374646086,3,2,0.22342138380433121,0.17347840107924797,0.025339269374646086,TRUE,FALSE,TRUE
0.00132099655456841,2,2,0.09854446334807199,0.00132099655456841,0.1638091726476677,FALSE,TRUE,TRUE
0.01608371043284366,3,2,0.03928729876254995,0.07405500626191497,0.01608371043284366,FALSE,TRUE,TRUE
0.11095940666273237,3,2,0.7639109898152554,0.2871862170827663,0.11095940666273237,FALSE,TRUE,TRUE
0.0017100969667822414,2,2,0.022732596844434738,0.0017100969667822414,0.07474742103368044,TRUE,TRUE,FALSE
0.012189553292178511,3,2,0.48550989498589703,0.5486393295844735,0.012189553292178511,TRUE,FALSE,TRUE
0.08149056590627879,2,2,0.33790725871762045,0.08149056590627879,0.20577927826737366,FALSE,TRUE,TRUE
0.22711332514041907,3,2,0.4532062367706538,0.5107287084473731,0.22711332514041907,TRUE,FALSE,TRUE
0.03722463734447956,1,2,0.03722463734447956,0.3118617855838717,0.18375130157090958,TRUE,FALSE,TRUE
0.015933572314679623,3,2,0.05308065809401272,0.0735551253699104,0.015933572314679623,TRUE,FALSE,TRUE
0.012252439589550097,1,2,0.012252439589550097,0.3590866214277367,0.4043015584181596,TRUE,FALSE,TRUE
0.026109454714347686,3,2,0.03384751178973398,0.5124974492727281,0.026109454714347686,TRUE,FALSE,TRUE
0.06196798663586378,2,2,0.21431684602672854,0.06196798663586378,0.06285966709256173,TRUE,TRUE,FALSE
0.07202334826191266,1,2,0.07202334826191266,0.13155643339268863,0.1549608753910089,TRUE,FALSE,TRUE
0.025786424831797678,1,2,0.025786424831797678,0.06915417918935418,0.07299422239884734,TRUE,TRUE,FALSE
0.01290019741281867,3,2,0.6438759490567526,0.01594017411628439,0.01290019741281867,FALSE,TRUE,TRUE
0.11582675638298193,1,2,0.11582675638298193,0.6343976151814402,0.1843018144285107,TRUE,TRUE,FALSE
0.15483634763707715,1,2,0.15483634763707715,0.33440849044241316,0.4565435264007522,TRUE,FALSE,TRUE
0.059071237803436816,2,2,0.2505280155134211,0.059071237803436816,0.5873794719240762,FALSE,TRUE,TRUE
0.03602100433781743,3,2,0.046604458822642816,0.3589146234723702,0.03602100433781743,FALSE,TRUE,TRUE
0.030484313378110528,2,2,0.5553961143766555,0.030484313378110528,0.7067927609709027,FALSE,TRUE,TRUE
0.2616466259499813,3,2,0.8849014310367029,0.37917697617072627,0.2616466259499813,FALSE,TRUE,TRUE
0.012000688700936735,2,2,0.37678407069137104,0.012000688700936735,0.12712295223027467,TRUE,TRUE,FALSE
0.022655278735390534,3,2,0.26337268791934254,0.10167567792814225,0.022655278735390534,TRUE,FALSE,TRUE
0.0012144928701749366,3,2,0.3358961458488346,0.11600687961134586,0.0012144928701749366,TRUE,FALSE,TRUE
0.034532369859516625,3,2,0.4698808391608875,0.6291892560815157,0.034532369859516625,TRUE,FALSE,TRUE
0.07303954800590873,2,2,0.6611136079796236,0.07303954800590873,0.15902785385523188,FALSE,TRUE,TRUE
0.1711930971359834,2,2,0.30973674836697185,0.1711930971359834,0.25240047331059223,TRUE,TRUE,FALSE
0.029295787122100594,3,2,0.2617329663146576,0.4888872611126364,0.029295787122100594,TRUE,FALSE,TRUE
0.1426171800121665,1,2,0.1426171800121665,0.5683391983305753,0.3632142498921205,TRUE,TRUE,FALSE
0.04353918706933672,2,2,0.3626280628696744,0.04353918706933672,0.05388994328677654,TRUE,TRUE,FALSE
0.021301637373173983,2,2,0.22941599584495026,0.021301637373173983,0.31489881599315883,FALSE,TRUE,TRUE
0.22791630583202263,2,2,0.5269593294828154,0.22791630583202263,0.35185506789196025,TRUE,TRUE,FALSE
0.05806433688849211,3,2,0.3246824763938867,0.4580899327783347,0.05806433688849211,TRUE,FALSE,TRUE
0.09281123382970691,3,2,0.11063856072723866,0.14183383085764945,0.09281123382970691,TRUE,FALSE,TRUE
0.04352537356317043,1,2,0.04352537356317043,0.09499021319107583,0.16301237496602716,TRUE,FALSE,TRUE
0.024841664731502535,3,2,0.12121927179396152,0.26656919957432257,0.024841664731502535,FALSE,TRUE,TRUE
0.07824210438411683,2,2,0.1185691679517428,0.07824210438411683,0.4085477836262037,TRUE,TRUE,FALSE
0.042517888337106624,3,2,0.06887508152673641,0.33263870863125033,0.042517888337106624,FALSE,TRUE,TRUE
0.13148820198451477,1,2,0.13148820198451477,0.6534766633679808,0.14400406665259843,TRUE,FALSE,TRUE
0.06680449639681026,3,2,0.09309720698123176,0.4667592406994165,0.06680449639681026,FALSE,TRUE,TRUE
0.10563209056854249,3,2,0.4354769915098259,0.2094780346273661,0.10563209056854249,FALSE,TRUE,TRUE
0.005116044854124387,1,2,0.005116044854124387,0.06550630740880017,0.06917828050823303,TRUE,TRUE,FALSE
0.07386865714939833,3,2,0.6290991399157128,0.20614703231372242,0.07386865714939833,TRUE,FALSE,TRUE
0.029325259605535142,2,2,0.3001584857001096,0.029325259605535142,0.1981314048087025,FALSE,TRUE,TRUE
0.19563246279697621,3,2,0.2441934052093864,0.45655317416176805,0.19563246279697621,TRUE,FALSE,TRUE
0.019152035857605318,3,2,0.2272695576151212,0.2999937380559028,0.019152035857605318,FALSE,TRUE,TRUE
0.06482532748486847,2,2,0.30453598373721447,0.06482532748486847,0.06613045781850815,FALSE,TRUE,TRUE
0.05439467805748184,1,2,0.05439467805748184,1.081508938480131,0.15823920871222263,TRUE,FALSE,TRUE
0.05033780755475164,3,2,0.5579478442388853,0.5781615613644661,0.05033780755475164,TRUE,FALSE,TRUE
0.1428042947898784,3,2,0.6647325722841502,1.0659240870232263,0.1428042947898784,TRUE,FALSE,TRUE
0.061992997148384646,1,2,0.061992997148384646,0.1107612729953299,0.19465019776577,TRUE,TRUE,FALSE
0.33055608656098845,1,2,0.33055608656098845,0.5084978619968445,0.42646586408180726,TRUE,FALSE,TRUE
0.06854790514335037,3,2,0.4807960011154587,0.2901749962370128,0.06854790514335037,TRUE,FALSE,TRUE
0.054954902995979674,3,2,0.06217443648104866,0.1134250172241919,0.054954902995979674,FALSE,TRUE,TRUE
0.016303659634351823,2,2,0.01802359139089168,0.016303659634351823,0.6936466287477512,TRUE,TRUE,FALSE
0.013963587426890928,1,2,0.013963587426890928,0.5696698892208539,0.3200565412472535,TRUE,TRUE,FALSE
0.06399923945310311,3,2,0.3351728385174315,0.8166912849572422,0.06399923945310311,TRUE,FALSE,TRUE
0.0012316975044086576,2,2,0.024965689672778048,0.0012316975044086576,0.25649459342563397,FALSE,TRUE,TRUE
0.0911518757389351,3,2,0.39294693058818986,0.25056995194286413,0.0911518757389351,FALSE,TRUE,TRUE
0.025702698144050073,1,2,0.025702698144050073,1.0097046656940285,0.2304197372784639,TRUE,TRUE,FALSE
0.021797216613776982,2,2,0.49948389390787296,0.021797216613776982,0.13587718335911633,FALSE,TRUE,TRUE
0.08281243312433766,1,2,0.08281243312433766,0.3229531994915784,0.1238818034529686,TRUE,FALSE,TRUE
0.1350131300031176,1,2,0.1350131300031176,0.561169934893185,0.16918829007000324,TRUE,TRUE,FALSE
0.06702923383563757,3,2,0.1834899339204033,0.3709061497481782,0.06702923383563757,TRUE,FALSE,TRUE
0.20309145702049136,1,2,0.20309145702049136,0.34381831226751514,0.41141124068010343,TRUE,FALSE,TRUE
0.1085441029863432,2,2,0.36625822973589506,0.1085441029863432,0.16835544103676783,FALSE,TRUE,TRUE
0.01723270071670413,1,2,0.01723270071670413,0.2056684153980792,0.4321012146082792,TRUE,FALSE,TRUE
6.75929943099618e-4,2,2,0.5071765270505239,6.75929943099618e-4,0.10692697828635574,TRUE,TRUE,FALSE
0.009154939651489257,3,2,0.8105050905677952,0.19337329476952855,0.009154939651489257,TRUE,FALSE,TRUE
0.021733491060634453,1,2,0.021733491060634453,0.32657577236064084,0.20896334572786338,TRUE,TRUE,FALSE
0.1079045338325241,1,2,0.1079045338325241,0.35864334700105976,0.5375153813259078,TRUE,TRUE,FALSE
0.023984612245112658,3,2,0.8148699742943546,0.11796919966582209,0.023984612245112658,FALSE,TRUE,TRUE
0.02353302463889122,3,2,0.12228077572459975,0.2767647806199264,0.02353302463889122,FALSE,TRUE,TRUE
0.09199908903489509,1,2,0.09199908903489509,0.24037939502237818,0.3746859539132167,TRUE,FALSE,TRUE
0.04293525228276849,3,2,0.27899161973188724,0.1561838963534683,0.04293525228276849,TRUE,FALSE,TRUE
0.015817477833479643,3,2,0.05863363402256015,0.7779344468888761,0.015817477833479643,FALSE,TRUE,TRUE
0.00638460845220834,2,2,0.0872972171443204,0.00638460845220834,0.148153204089942,TRUE,TRUE,FALSE
0.12430239033071261,1,2,0.12430239033071261,0.12839504273142666,0.25391940529549367,TRUE,FALSE,TRUE
0.05659293057397008,3,2,0.18140124886607129,0.6122519499307216,0.05659293057397008,TRUE,FALSE,TRUE
0.006614471271186289,1,2,0.006614471271186289,0.3165034917078198,0.05213385121896863,TRUE,FALSE,TRUE
0.016216036287369586,2,2,0.6852614556469601,0.016216036287369586,0.26113941705876836,TRUE,TRUE,FALSE
0.04459174755843552,3,2,0.38824649805665423,0.06176554481498897,0.04459174755843552,FALSE,TRUE,TRUE
0.09936622658278793,2,2,0.8936169364379963,0.09936622658278793,0.4327760826544238,TRUE,TRUE,FALSE
0.03216903633438051,2,2,0.28242867904246255,0.03216903633438051,0.14358278782404751,FALSE,TRUE,TRUE
0.05633107756650575,2,2,0.5622504769233942,0.05633107756650575,0.27911017405392397,TRUE,TRUE,FALSE
0.03631106037644809,3,2,0.2980407680840703,0.08476573589723557,0.03631106037644809,TRUE,FALSE,TRUE
0.0919135307893157,3,2,0.777213852189692,0.1492386118043214,0.0919135307893157,FALSE,TRUE,TRUE
0.07337808776646852,3,2,0.15562885394319892,0.10969087947160006,0.07337808776646852,FALSE,TRUE,TRUE
0.03335596213582903,2,2,0.7281115868019185,0.03335596213582903,0.24235673583203798,FALSE,TRUE,TRUE
0.06114941705018282,3,2,0.09463460163747885,0.3458473123504997,0.06114941705018282,FALSE,TRUE,TRUE
0.07684242436662317,3,2,0.2797201627744341,0.09110297797253462,0.07684242436662317,TRUE,FALSE,TRUE
0.006938987351880946,2,2,0.14289009528307273,0.006938987351880946,0.724477710385595,TRUE,TRUE,FALSE
0.034510690689815715,1,2,0.034510690689815715,0.035130426520481706,0.2353516796519781,TRUE,FALSE,TRUE
0.17972303681078183,3,2,0.27654579590847495,0.5432921521981896,0.17972303681078183,TRUE,FALSE,TRUE
0.08379322746768594,3,2,0.20436829747632146,0.09905186982359737,0.08379322746768594,TRUE,FALSE,TRUE
0.053584645385853946,2,2,0.9306424372486721,0.053584645385853946,0.3155477262865354,TRUE,TRUE,FALSE
0.11643950855359436,3,2,0.6695767038532179,0.6575611489509882,0.11643950855359436,FALSE,TRUE,TRUE
0.011991986166685821,3,2,0.047182036098092794,0.05581904505379498,0.011991986166685821,TRUE,FALSE,TRUE
0.06446368625524772,1,2,0.06446368625524772,0.07586120686028153,0.2545074611818219,TRUE,TRUE,FALSE
0.1915978947795189,2,2,0.3172480913980842,0.1915978947795189,0.3813168007712413,TRUE,TRUE,FALSE
0.14699969367582036,1,2,0.14699969367582036,0.5039804577617408,0.41324129997003567,TRUE,TRUE,FALSE
0.023044659290462732,3,2,0.2583864244807258,0.612103472897941,0.023044659290462732,TRUE,FALSE,TRUE
0.003114539642139253,2,2,0.08304109517484903,0.003114539642139253,0.09067041371017695,FALSE,TRUE,TRUE
0.04126726684626192,2,2,1.3919902960714792,0.04126726684626192,0.09242625134065748,FALSE,TRUE,TRUE
0.017598297712866234,3,2,0.2130670070958634,0.2080415009672779,0.017598297712866234,TRUE,FALSE,TRUE
0.039087294368073344,2,2,0.4004420566542984,0.039087294368073344,0.1656118744682063,TRUE,TRUE,FALSE
0.16448984516318887,2,2,0.41159664682885416,0.16448984516318887,0.4322130873493455,TRUE,TRUE,FALSE
0.013301645264905296,2,2,0.5708259703932286,0.013301645264905296,0.30545671528072904,TRUE,TRUE,FALSE
0.11495100650936366,3,2,0.2688455767789523,0.13745086512156734,0.11495100650936366,FALSE,TRUE,TRUE
0.019253475032746794,3,2,0.17705248513569433,0.11242678540293127,0.019253475032746794,TRUE,FALSE,TRUE
0.43847720369458804,2,2,0.6755745255418699,0.43847720369458804,0.4813070881859733,FALSE,TRUE,TRUE
0.011942120886184479,2,2,0.7415531934050579,0.011942120886184479,0.12125583989545703,FALSE,TRUE,TRUE
0.023334092693403363,2,2,0.7997063329644125,0.023334092693403363,0.09931686239670333,TRUE,TRUE,FALSE
0.021526479860767722,2,2,0.15499121325274876,0.021526479860767722,0.21161675135696179,FALSE,TRUE,TRUE
0.29397154267769643,3,2,0.3776537297774395,0.8060476375138964,0.29397154267769643,FALSE,TRUE,TRUE
0.010757457502565924,1,2,0.010757457502565924,0.6840473417808951,0.05396301848813892,TRUE,TRUE,FALSE
0.019154166057705882,3,2,0.07135728280991316,0.6617820108925642,0.019154166057705882,FALSE,TRUE,TRUE
0.03480618384977181,1,2,0.03480618384977181,0.6789400814717353,0.31045481896210203,TRUE,FALSE,TRUE
0.03401469560088855,3,2,0.16915504339461523,0.23356692515194719,0.03401469560088855,TRUE,FALSE,TRUE
0.1600143916439265,2,2,0.18139471191292006,0.1600143916439265,0.4366440329448653,TRUE,TRUE,FALSE
0.24575500771284406,2,2,0.5189264121620579,0.24575500771284406,0.36723478494449546,TRUE,TRUE,FALSE
0.19754701684320217,3,2,0.6681039320645811,0.2005418580851734,0.19754701684320217,TRUE,FALSE,TRUE
0.014851098487469,1,2,0.014851098487469,0.058662827912250984,0.2362662239599355,TRUE,TRUE,FALSE
0.08998187854886056,3,2,0.11018110558449029,0.7931191157129528,0.08998187854886056,TRUE,FALSE,TRUE
0.059740221608942275,1,2,0.059740221608942275,0.32401645974137194,0.13186907489911434,TRUE,FALSE,TRUE
0.014155763667076826,1,2,0.014155763667076826,0.613670722084278,0.026774097047746182,TRUE,FALSE,TRUE
0.04079679539427161,3,2,0.04334876096496979,0.1177274928195402,0.04079679539427161,TRUE,FALSE,TRUE
0.06699562044814229,3,2,0.2806910776082715,0.5234241303672732,0.06699562044814229,TRUE,FALSE,TRUE
0.061498751025646926,3,2,0.06839442004760106,0.4724468368453123,0.061498751025646926,FALSE,TRUE,TRUE
0.0010461283382028341,2,2,0.017381195910274982,0.0010461283382028341,0.03711659796535969,TRUE,TRUE,FALSE
0.08187695581000298,2,2,0.3897760441942811,0.08187695581000298,0.10005899872630836,FALSE,TRUE,TRUE
0.0012667387103041012,1,2,0.0012667387103041012,0.32918320455469496,0.740373496422493,TRUE,FALSE,TRUE
0.03169968349102862,3,2,0.49994172074837717,0.07409968861604685,0.03169968349102862,TRUE,FALSE,TRUE
0.005024193204008043,2,2,0.2107164302530388,0.005024193204008043,0.07006949862698285,FALSE,TRUE,TRUE
0.006237087864428759,3,2,0.8349128458228827,0.6549829621484221,0.006237087864428759,TRUE,FALSE,TRUE
0.0010589208453893662,3,2,1.0969865098035496,0.16117504274006933,0.0010589208453893662,TRUE,FALSE,TRUE
0.03511936811264604,2,2,0.16347354448710877,0.03511936811264604,0.2749920889651204,TRUE,TRUE,FALSE
0.04452049383117433,1,2,0.04452049383117433,0.11817942066458435,0.1365558734163642,TRUE,FALSE,TRUE
0.028966745443068473,3,2,1.0995744764244717,0.17391383972831373,0.028966745443068473,FALSE,TRUE,TRUE
0.012458442128263414,2,2,0.12468503850201765,0.012458442128263414,0.14214869967165233,TRUE,TRUE,FALSE
0.006909971981897812,1,2,0.006909971981897812,0.35804045537900325,0.07672521658241749,TRUE,FALSE,TRUE
0.01913211383287921,2,2,0.12907246295717353,0.01913211383287921,0.34522377660680303,FALSE,TRUE,TRUE
0.008152082208591484,3,2,0.8753274598049244,0.15200410597026348,0.008152082208591484,TRUE,FALSE,TRUE
0.05787324796741207,1,2,0.05787324796741207,0.08010300725696143,0.0873520710273592,TRUE,FALSE,TRUE
0.06337094221185981,3,2,0.6597098993478299,0.09986369335092604,0.06337094221185981,FALSE,TRUE,TRUE
0.011007818750708378,2,2,0.08759806801875432,0.011007818750708378,0.1883993038823629,FALSE,TRUE,TRUE
0.04494622894537376,2,2,0.2739685168349783,0.04494622894537376,0.14403408653193955,FALSE,TRUE,TRUE
0.04856071161677831,2,2,0.43689106713821896,0.04856071161677831,1.0010133511753332,FALSE,TRUE,TRUE
0.0018229100470272186,3,2,0.20723050211866695,0.26000977166809447,0.0018229100470272186,TRUE,FALSE,TRUE
0.11809728465353449,1,2,0.11809728465353449,0.5237484541563489,0.1522356342440272,TRUE,TRUE,FALSE
0.2163403795461387,2,2,0.34249430489878263,0.2163403795461387,0.27164510748440274,TRUE,TRUE,FALSE
0.3277903117600114,2,2,0.760123887988639,0.3277903117600114,0.6601379394195177,FALSE,TRUE,TRUE
0.24213173258209475,3,2,0.32296498335739376,0.38040235450253496,0.24213173258209475,TRUE,FALSE,TRUE
0.06033976012840867,3,2,0.30832782510509493,0.38337716944186595,0.06033976012840867,FALSE,TRUE,TRUE
0.39925523584890854,3,2,0.508119908837663,0.6285722772275747,0.39925523584890854,FALSE,TRUE,TRUE
0.07586154714226723,2,2,0.5198682367366074,0.07586154714226723,0.1963290801187778,FALSE,TRUE,TRUE
0.028280349913984537,1,2,0.028280349913984537,0.14222746854647994,0.7014369674538637,TRUE,TRUE,FALSE
0.18617236459006864,1,2,0.18617236459006864,0.20262865139052574,0.29581985658216964,TRUE,FALSE,TRUE
0.1565460505662486,2,2,0.31332053025405016,0.1565460505662486,0.4618684287862254,TRUE,TRUE,FALSE
0.1316498500620986,3,2,0.7936241880907154,0.3686395352496267,0.1316498500620986,FALSE,TRUE,TRUE
0.0423921812325716,1,2,0.0423921812325716,0.3363658878847242,0.0542452153749764,TRUE,TRUE,FALSE
0.05621877172961831,1,2,0.05621877172961831,0.7919424637342065,0.10385110657662154,TRUE,TRUE,FALSE
0.15865866839885712,2,2,1.6300874171206359,0.15865866839885712,0.1951476772609418,FALSE,TRUE,TRUE
0.08478521201759577,3,2,0.10990235796792631,0.35768572262544995,0.08478521201759577,FALSE,TRUE,TRUE
0.086951466745947,1,2,0.086951466745947,0.5704254801070036,0.28126935403270836,TRUE,TRUE,FALSE
0.13337975265458227,3,2,0.6087382627697246,0.22079303627355895,0.13337975265458227,TRUE,FALSE,TRUE
0.01923570455983281,2,2,0.17891229533900815,0.01923570455983281,0.07810546224936843,FALSE,TRUE,TRUE
0.0421892174865888,3,2,0.0878188032656908,0.08126146941040363,0.0421892174865888,TRUE,FALSE,TRUE
0.031030589152014464,2,2,0.033514022206266716,0.031030589152014464,0.08446597643196584,TRUE,TRUE,FALSE
0.05168066089972854,3,2,0.21387832642843324,0.8817887982597712,0.05168066089972854,FALSE,TRUE,TRUE
0.0637081652879715,3,2,1.1152258912162147,0.1329772899625823,0.0637081652879715,TRUE,FALSE,TRUE
0.01204610962726684,3,2,0.1282351684446136,0.16075674011942515,0.01204610962726684,FALSE,TRUE,TRUE
0.06726728771310868,3,2,0.2545415156691313,0.09012707236654806,0.06726728771310868,TRUE,FALSE,TRUE
0.2987758933116039,1,2,0.2987758933116039,0.5202759871875585,0.8926024575992338,TRUE,TRUE,FALSE
0.3067076969786764,2,2,0.9224386419680835,0.3067076969786764,0.5989405661485292,TRUE,TRUE,FALSE
0.02590417755727057,3,2,0.04419009480625391,0.21889307762636762,0.02590417755727057,TRUE,FALSE,TRUE
0.05679117719993174,2,2,0.4706357127396346,0.05679117719993174,0.3980477291922618,TRUE,TRUE,FALSE
0.40618991710031094,2,2,0.5571546281097413,0.40618991710031094,0.5922949038063425,TRUE,TRUE,FALSE
0.04216183163225651,3,2,0.4489139523217123,0.2907159489008815,0.04216183163225651,TRUE,FALSE,TRUE
0.6089847204828605,2,2,0.7412137556401015,0.6089847204828605,0.6798253774306872,FALSE,TRUE,TRUE
0.03416981967166066,1,2,0.03416981967166066,0.06315844780452337,0.043439045897319124,TRUE,TRUE,FALSE
0.0272755898153576,3,2,0.08528840091700354,0.1706527123460546,0.0272755898153576,FALSE,TRUE,TRUE
0.012054889230057597,2,2,0.2539018569138188,0.012054889230057597,0.0956423924304545,TRUE,TRUE,FALSE
0.051888694521039724,1,2,0.051888694521039724,0.12740656919777393,0.06780281426850976,TRUE,FALSE,TRUE
0.10803372936788946,2,2,0.6215130518841824,0.10803372936788946,0.43122435842914114,TRUE,TRUE,FALSE
0.1509422822855413,1,2,0.1509422822855413,0.30430056549489803,0.204972443802688,TRUE,TRUE,FALSE
0.22137588215991855,1,2,0.22137588215991855,0.39087793415174493,0.2668202133765245,TRUE,TRUE,FALSE
0.06195832022452208,3,2,0.14093130826950073,0.19424753541939263,0.06195832022452208,TRUE,FALSE,TRUE
0.040387416021871105,2,2,0.21591339353471994,0.040387416021871105,0.21068536396229512,FALSE,TRUE,TRUE
0.05119244831924637,1,2,0.05119244831924637,0.491376223487264,0.27126965894454963,TRUE,TRUE,FALSE
0.23802776214547758,2,2,0.4924007529733659,0.23802776214547758,0.4352085267682928,TRUE,TRUE,FALSE
0.012623550603166223,2,2,0.16764695352564254,0.012623550603166223,0.1260027729906142,FALSE,TRUE,TRUE
0.06685410451940664,3,2,0.8414426017132521,0.11098491460142523,0.06685410451940664,FALSE,TRUE,TRUE
0.15230670280288905,2,2,0.17547476524487138,0.15230670280288905,0.2371445944448734,FALSE,TRUE,TRUE
0.08251708522439004,3,2,0.1799722717454036,0.16305312421172857,0.08251708522439004,FALSE,TRUE,TRUE
0.042080073802680584,1,2,0.042080073802680584,0.08309762505814433,0.050916994072434565,TRUE,FALSE,TRUE
0.07521084491163493,3,2,0.09362890866274634,0.2992894288513095,0.07521084491163493,FALSE,TRUE,TRUE
0.040457031095835906,1,2,0.040457031095835906,0.09804169496055692,0.1050439921207726,TRUE,TRUE,FALSE
0.04402674393218729,3,2,0.3725418221686324,0.7752021848735334,0.04402674393218729,TRUE,FALSE,TRUE
0.013565946463495494,3,2,0.04984584031626582,0.18825662690482714,0.013565946463495494,TRUE,FALSE,TRUE
0.025401269900612533,2,2,0.2585279079524451,0.025401269900612533,0.3130295462738324,FALSE,TRUE,TRUE
0.17450087998683253,1,2,0.17450087998683253,0.1854567940122513,0.21417820378297814,TRUE,FALSE,TRUE
0.02884370516985655,3,2,0.1278257924059487,0.05552287248428911,0.02884370516985655,TRUE,FALSE,TRUE
0.10259185114409775,2,2,0.419540896687313,0.10259185114409775,0.1489697605287457,FALSE,TRUE,TRUE
0.03786891712173945,3,2,0.9399166652993522,0.28770837391342885,0.03786891712173945,FALSE,TRUE,TRUE
0.05465013859449948,1,2,0.05465013859449948,0.27692097348884426,0.28707724956977854,TRUE,TRUE,FALSE
0.026415822323400166,1,2,0.026415822323400166,0.40252215739101777,0.035038859117776155,TRUE,TRUE,FALSE
0.15472430631052703,2,2,0.20563676223779717,0.15472430631052703,0.30809296703148376,TRUE,TRUE,FALSE
0.3738403208413761,1,2,0.3738403208413761,0.3775014998181225,0.518596157033868,TRUE,TRUE,FALSE
0.1427070463875699,3,2,0.39579052693983324,0.32172123690948196,0.1427070463875699,FALSE,TRUE,TRUE
0.0564846470952034,2,2,2.081106089882498,0.0564846470952034,0.20076270419264086,TRUE,TRUE,FALSE
0.21740436947984404,2,2,0.32768008066487103,0.21740436947984404,0.28891694058023154,TRUE,TRUE,FALSE
0.13115565835808712,1,2,0.13115565835808712,0.16007196891587228,0.48335571347285555,TRUE,FALSE,TRUE
0.029335000435821712,2,2,0.36705256340996906,0.029335000435821712,0.16395048066063195,TRUE,TRUE,FALSE
0.0896711089881137,2,2,1.1441841224269234,0.0896711089881137,0.18624190556907896,FALSE,TRUE,TRUE
0.025130110789741502,3,2,0.24726483744964178,0.09819716610945761,0.025130110789741502,TRUE,FALSE,TRUE
0.042560625938989544,1,2,0.042560625938989544,0.11773267912212759,0.4563068232117753,TRUE,FALSE,TRUE
0.24242515991533048,3,2,0.4327625982944211,0.3232827784854204,0.24242515991533048,TRUE,FALSE,TRUE
0.03074712368349234,1,2,0.03074712368349234,0.7199194897402915,0.17540863416248803,TRUE,TRUE,FALSE
0.17681998293846846,1,2,0.17681998293846846,0.4966510319872261,0.4132549319248249,TRUE,FALSE,TRUE
0.03212202028879455,1,2,0.03212202028879455,0.36557245159283885,0.18677142708653455,TRUE,TRUE,FALSE
0.1312033205293119,3,2,0.3781354048459769,0.399766208594281,0.1312033205293119,FALSE,TRUE,TRUE
0.033487130608409646,3,2,0.34143820936234937,0.12658399077331178,0.033487130608409646,TRUE,FALSE,TRUE
0.09271139642223716,3,2,0.8797990350253504,0.41659729810163615,0.09271139642223716,FALSE,TRUE,TRUE
0.11434825975447893,3,2,0.27753367925525113,0.6481202770640792,0.11434825975447893,FALSE,TRUE,TRUE
0.1633158372414779,3,2,0.5205909770943802,0.2138120464409918,0.1633158372414779,TRUE,FALSE,TRUE
0.1038190211562765,1,2,0.1038190211562765,0.23531110001609032,0.11203429521992803,TRUE,FALSE,TRUE
0.0163041438596944,1,2,0.0163041438596944,0.9602594053778949,0.2642730260183836,TRUE,TRUE,FALSE
0.06488973616311947,1,2,0.06488973616311947,0.1521719633601606,0.10648151505738497,TRUE,TRUE,FALSE
0.0572652433378001,1,2,0.0572652433378001,0.15449243015609682,0.27211851830685385,TRUE,TRUE,FALSE
0.043499333201907575,2,2,0.05597419185774631,0.043499333201907575,0.6595083087346651,FALSE,TRUE,TRUE
0.064379952308556615,1,2,0.064379952308556615,0.3054839024469815,0.08900204878300429,TRUE,FALSE,TRUE
0.020493091316893697,2,2,0.24775809652029884,0.020493091316893697,0.1806067599422005,FALSE,TRUE,TRUE
0.008180931165499505,3,2,1.2989291847286628,0.4284473770158209,0.008180931165499505,TRUE,FALSE,TRUE
0.054183893991038824,2,2,0.06565308679516116,0.054183893991038824,0.1540383219733498,TRUE,TRUE,FALSE
0.019592616800218822,3,2,0.11229115584865212,0.6361044202616156,0.019592616800218822,TRUE,FALSE,TRUE
0.1949971781959558,3,2,0.4075756870691022,0.2923910859867216,0.1949971781959558,FALSE,TRUE,TRUE
0.11078514220813909,1,2,0.11078514220813909,0.32207121237303676,0.19483760419925178,TRUE,FALSE,TRUE
0.06768751452197573,2,2,1.059406558180123,0.06768751452197573,0.21173549593185215,TRUE,TRUE,FALSE
0.010425013541059989,2,2,0.06972065187019348,0.010425013541059989,0.07825867180288687,FALSE,TRUE,TRUE
0.03248280022914211,1,2,0.03248280022914211,0.28398265665278144,0.27404519989246373,TRUE,TRUE,FALSE
0.01633668737486005,1,2,0.01633668737486005,0.32380330724522777,0.10562299849568846,TRUE,FALSE,TRUE
0.2162277126795627,2,2,0.28978621616801026,0.2162277126795627,0.2531993353655363,FALSE,TRUE,TRUE
0.11417279136367142,2,2,0.25063965375066205,0.11417279136367142,0.7846256326463941,FALSE,TRUE,TRUE
0.02834232475579834,3,2,0.2012595942681738,0.1922969084593684,0.02834232475579834,FALSE,TRUE,TRUE
0.04609187895430713,3,2,0.7984871708678326,0.2010243996100477,0.04609187895430713,TRUE,FALSE,TRUE
0.04386897190219685,2,2,0.0831926032820316,0.04386897190219685,0.4691315535203887,TRUE,TRUE,FALSE
0.041328405728563666,2,2,0.37173217369621164,0.041328405728563666,0.16325604402219052,TRUE,TRUE,FALSE
0.11958641197998077,2,2,0.19895173609256744,0.11958641197998077,0.664743638005028,FALSE,TRUE,TRUE
0.0011684625642374158,2,2,0.18097455364962417,0.0011684625642374158,0.15261801312768702,FALSE,TRUE,TRUE
0.0957237589173019,3,2,0.8304440894054493,0.2843055904272229,0.0957237589173019,TRUE,FALSE,TRUE
0.02974481468861222,1,2,0.02974481468861222,0.07081983634270728,0.3262093305419732,TRUE,FALSE,TRUE
0.11776147212367505,2,2,0.27961694385697844,0.11776147212367505,0.26175863406712063,TRUE,TRUE,FALSE
0.29292589750953324,2,2,0.86213952998096,0.29292589750953324,0.6246848284862139,FALSE,TRUE,TRUE
0.006848545601814297,2,2,0.29160561478905367,0.006848545601814297,0.0941208221949637,FALSE,TRUE,TRUE
0.014198293849876137,1,2,0.014198293849876137,0.30620794346437163,0.09684388432651758,TRUE,TRUE,FALSE
0.043132167588919405,3,2,0.35093241959651716,0.3686833283653916,0.043132167588919405,FALSE,TRUE,TRUE
0.1533460473357944,1,2,0.1533460473357944,0.4471216224855245,0.4332339819268657,TRUE,FALSE,TRUE
0.2798235315434962,3,2,0.9689132645166081,0.31380058933707444,0.2798235315434962,FALSE,TRUE,TRUE
0.006505308393388987,3,2,0.23446983099412746,0.31731589929081805,0.006505308393388987,TRUE,FALSE,TRUE
0.02448515737196566,1,2,0.02448515737196566,0.04790879959117273,0.11970876920968294,TRUE,FALSE,TRUE
0.04734536162606618,3,2,0.12455716568506721,0.18225212171439842,0.04734536162606618,TRUE,FALSE,TRUE
0.0429866236818504,2,2,2.1975179905255073,0.0429866236818504,0.22883251941854008,TRUE,TRUE,FALSE
0.042532443078193205,2,2,0.18168490830187994,0.042532443078193205,0.4227206100591979,TRUE,TRUE,FALSE
0.22375775556171185,3,2,0.468131521319856,0.3473658741108429,0.22375775556171185,FALSE,TRUE,TRUE
0.0769716133363545,2,2,0.10750215888644257,0.0769716133363545,0.2281372446922418,TRUE,TRUE,FALSE
0.2459952836772228,3,2,0.37750071621989384,0.5269041633849681,0.2459952836772228,FALSE,TRUE,TRUE
0.02647410369567565,2,2,0.6309610021330994,0.02647410369567565,0.4498814915831525,TRUE,TRUE,FALSE
0.10226752028280918,1,2,0.10226752028280918,0.155411520274356,0.38596214873898516,TRUE,FALSE,TRUE
0.0704139568921928,3,2,0.4324564828086933,0.1792858183740213,0.0704139568921928,FALSE,TRUE,TRUE
0.06525364859650531,1,2,0.06525364859650531,0.08951942098792642,0.0764836554415524,TRUE,TRUE,FALSE
0.015578711094955603,1,2,0.015578711094955603,0.02381932467687875,0.04298463612794876,TRUE,TRUE,FALSE
0.03663639852311462,2,2,0.1558159962507696,0.03663639852311462,0.08854101803153754,FALSE,TRUE,TRUE
0.058905699197202926,3,2,0.2177290243389675,0.7266070134517671,0.058905699197202926,TRUE,FALSE,TRUE
0.05148476756495651,3,2,0.07971730356662851,0.17257442232221365,0.05148476756495651,TRUE,FALSE,TRUE
0.3077710280731889,3,2,0.4401382054168492,0.4595982418185533,0.3077710280731889,TRUE,FALSE,TRUE
0.11372289666905999,1,2,0.11372289666905999,0.2977051150414378,0.13619013391435147,TRUE,FALSE,TRUE
0.025978584334737348,3,2,0.7639323441512507,0.1489677932113409,0.025978584334737348,TRUE,FALSE,TRUE
0.012067599516052217,1,2,0.012067599516052217,0.10331401962321252,0.07867654977709636,TRUE,FALSE,TRUE
0.044337311222070325,3,2,0.14291469085340697,0.10105899487700265,0.044337311222070325,TRUE,FALSE,TRUE
0.022661344876480295,3,2,0.19760974481080967,0.13913802267052233,0.022661344876480295,TRUE,FALSE,TRUE
0.004020730437672228,1,2,0.004020730437672228,0.06149851984810084,0.2059711417099262,TRUE,FALSE,TRUE
0.019316641613841057,3,2,0.10472648457380584,0.043751719878449065,0.019316641613841057,FALSE,TRUE,TRUE
0.0957136811921373,2,2,0.84121548069786245,0.0957136811921373,0.11422913037240506,FALSE,TRUE,TRUE
0.3419110311555893,2,2,2.120718155551092,0.3419110311555893,0.38077181240726005,TRUE,TRUE,FALSE
0.2938544753770877,3,2,0.7615699711766959,1.1652431757490518,0.2938544753770877,FALSE,TRUE,TRUE
0.04650928207739117,1,2,0.04650928207739117,0.3069558837346018,0.1543586231572129,TRUE,FALSE,TRUE
0.02094493864569813,2,2,0.42717155657550104,0.02094493864569813,0.21044869626963383,FALSE,TRUE,TRUE
0.15742349508218467,2,2,0.2715848895270666,0.15742349508218467,0.19428606800076847,FALSE,TRUE,TRUE
0.0879181899363175,2,2,0.19127350207418203,0.0879181899363175,0.8652071751150038,FALSE,TRUE,TRUE
0.0852970683015883,3,2,0.5254801439653642,0.33065209536694296,0.0852970683015883,TRUE,FALSE,TRUE
0.05031190664183485,3,2,0.05056262069839222,0.051268320763483644,0.05031190664183485,FALSE,TRUE,TRUE
0.25635786968374497,3,2,0.5109805982028993,0.5042657782113613,0.25635786968374497,TRUE,FALSE,TRUE
0.006986267492175103,3,2,0.0831760688063999,0.3712091208225549,0.006986267492175103,FALSE,TRUE,TRUE
0.25798264415699623,1,2,0.25798264415699623,0.9695599204335513,0.37554867601204406,TRUE,TRUE,FALSE
0.023531130282208323,2,2,0.6182510809071939,0.023531130282208323,0.10835122615098954,FALSE,TRUE,TRUE
0.001180300813305135,1,2,0.001180300813305135,0.09539775423673562,0.39353419987667093,TRUE,FALSE,TRUE
0.11566724127624184,2,2,0.4818452646054905,0.11566724127624184,0.25900078061127907,FALSE,TRUE,TRUE
0.07117722649127245,2,2,0.07964459403107563,0.07117722649127245,0.30919907650161277,TRUE,TRUE,FALSE
0.009098096378147602,3,2,0.5760275510170143,0.14226967038121074,0.009098096378147602,FALSE,TRUE,TRUE
0.02616142714396119,3,2,0.08455785944252586,0.11124284169636667,0.02616142714396119,TRUE,FALSE,TRUE
0.015321556168297926,1,2,0.015321556168297926,0.3378358501835943,0.2037568434988881,TRUE,FALSE,TRUE
0.06260905917733908,3,2,0.4019891631959916,0.36484055824339995,0.06260905917733908,TRUE,FALSE,TRUE
0.028903043586290145,3,2,0.09082485319797025,0.052084502996876836,0.028903043586290145,TRUE,FALSE,TRUE
0.051004162756726146,2,2,0.2015220858156681,0.051004162756726146,0.066129538972451,TRUE,TRUE,FALSE
0.027109244070444467,3,2,0.08534981262057612,0.11083149264778946,0.027109244070444467,FALSE,TRUE,TRUE
0.07553608453038699,1,2,0.07553608453038699,0.2365168423752517,0.12199657633900643,TRUE,TRUE,FALSE
0.019067346584051847,1,2,0.019067346584051847,0.6764913540949763,0.23997975642884023,TRUE,FALSE,TRUE
0.008423360297456384,2,2,0.12846354022283776,0.008423360297456384,0.19843737463557964,FALSE,TRUE,TRUE
0.012823677726541818,3,2,0.0896670987519125,0.13613826700020581,0.012823677726541818,FALSE,TRUE,TRUE
0.023171368843974045,1,2,0.023171368843974045,0.7058023567822697,0.04753311891108752,TRUE,FALSE,TRUE
0.04487774377985025,3,2,1.096761032882945,0.2726014864060313,0.04487774377985025,FALSE,TRUE,TRUE
0.03678945797596907,2,2,0.8507096177167814,0.03678945797596907,0.1745505753820563,FALSE,TRUE,TRUE
0.0698647826409718,3,2,0.429405894737347,0.4394654583365236,0.0698647826409718,FALSE,TRUE,TRUE
0.08526003181303128,1,2,0.08526003181303128,0.12694568850565702,0.4118621501903583,TRUE,TRUE,FALSE
0.0501689612865448,3,2,0.12873517209663987,0.4909353875345052,0.0501689612865448,FALSE,TRUE,TRUE
0.15135733469349416,3,2,0.7697623303360861,0.2701565290230543,0.15135733469349416,TRUE,FALSE,TRUE
0.15614176714721587,1,2,0.15614176714721587,0.23978245676376228,0.25734957381242757,TRUE,FALSE,TRUE
0.009760604519397021,3,2,0.0700643881379043,0.030239639619453595,0.009760604519397021,TRUE,FALSE,TRUE
0.022642931325800714,3,2,0.16559672681614757,0.3106475309363783,0.022642931325800714,FALSE,TRUE,TRUE
0.05311945903425415,1,2,0.05311945903425415,0.3355584931454838,0.17073898202830795,TRUE,FALSE,TRUE
0.15028206181402007,1,2,0.15028206181402007,0.378912523367858,0.3229386221449424,TRUE,FALSE,TRUE
0.07106840563938022,3,2,0.08670057216659188,0.5703041509139287,0.07106840563938022,FALSE,TRUE,TRUE
0.0868418327299878,2,2,0.1089703304860769,0.0868418327299878,0.31300015373337753,FALSE,TRUE,TRUE
0.1858750518100957,1,2,0.1858750518100957,0.23638320922732656,0.39197735076952467,TRUE,FALSE,TRUE
0.056351474641511835,1,2,0.056351474641511835,0.4778835955430809,0.40466366334069265,TRUE,TRUE,FALSE
0.02255987419931464,3,2,0.4489920129859488,0.12227946461644024,0.02255987419931464,FALSE,TRUE,TRUE
0.004132799284130237,2,2,0.3932548854360025,0.004132799284130237,0.1252796145156026,FALSE,TRUE,TRUE
0.06373917777091265,1,2,0.06373917777091265,0.2362282695618969,0.07024676771834493,TRUE,FALSE,TRUE
0.16381024359725416,2,2,0.40197497579349745,0.16381024359725416,0.16867895665669685,FALSE,TRUE,TRUE
0.03700341796502471,1,2,0.03700341796502471,0.06380625921603568,0.08062244346365333,TRUE,TRUE,FALSE
0.04985753692617512,1,2,0.04985753692617512,0.6926424060633124,0.20712630550266276,TRUE,FALSE,TRUE
0.006108709914266663,3,2,0.2351416522707648,0.11675616900902241,0.006108709914266663,TRUE,FALSE,TRUE
0.10173527817801689,1,2,0.10173527817801689,0.2089351322396875,0.21783506330236888,TRUE,TRUE,FALSE
0.02724481076002121,3,2,0.8441544415549338,0.12141358223743737,0.02724481076002121,TRUE,FALSE,TRUE
0.05410601233297584,3,2,0.24916057596302899,0.14481424388941377,0.05410601233297584,TRUE,FALSE,TRUE
0.017045199218137373,2,2,0.0658055656137238,0.017045199218137373,0.1616874378090525,FALSE,TRUE,TRUE
0.018577781971544027,3,2,0.09944616050103967,0.045812242007269244,0.018577781971544027,TRUE,FALSE,TRUE
0.13532882230356336,2,2,0.25267179738335055,0.13532882230356336,0.3360237702559281,TRUE,TRUE,FALSE
0.0258356255479157,3,2,0.4146243957662623,0.10482770472299308,0.0258356255479157,TRUE,FALSE,TRUE
0.0681712479951481,1,2,0.0681712479951481,0.3281093442241878,0.9200383640321639,TRUE,FALSE,TRUE
0.012213451273835708,1,2,0.012213451273835708,0.07927249721251428,0.044779742974787956,TRUE,FALSE,TRUE
0.020519404979188867,1,2,0.020519404979188867,0.13239018281456083,0.33150774490865353,TRUE,FALSE,TRUE
0.18955811113119125,1,2,0.18955811113119125,0.5526504111161173,0.4191059199181442,TRUE,TRUE,FALSE
0.08578752606287177,3,2,0.17379844655521517,0.08991652121767402,0.08578752606287177,TRUE,FALSE,TRUE
0.16132814964900413,1,2,0.16132814964900413,0.3095212289958478,0.2889586210082818,TRUE,FALSE,TRUE
0.026125268023408147,2,2,0.30474561960384494,0.026125268023408147,0.0429670948535204,TRUE,TRUE,FALSE
0.031035791500471532,2,2,1.3239678449692587,0.031035791500471532,0.13788143815472723,FALSE,TRUE,TRUE
0.03461147495545447,2,2,0.13491840287899504,0.03461147495545447,0.10080256666988135,FALSE,TRUE,TRUE
0.009648117694768941,1,2,0.009648117694768941,0.027807442471385002,0.05730858370661736,TRUE,TRUE,FALSE
0.08096589977446218,1,2,0.08096589977446218,0.24142528130864668,0.5022251564757301,TRUE,FALSE,TRUE
0.03293432295322418,1,2,0.03293432295322418,0.21569563493945007,0.5119205359117461,TRUE,TRUE,FALSE
0.18377273109622602,2,2,1.541689471568092,0.18377273109622602,0.2765507275154615,TRUE,TRUE,FALSE
0.16026231358313708,1,2,0.16026231358313708,0.3984373912729376,0.23551534636968618,TRUE,FALSE,TRUE
0.005451380461454392,3,2,0.8059030214745324,0.11339103092905134,0.005451380461454392,FALSE,TRUE,TRUE
0.3998966753314782,3,2,0.9396707650202696,0.6157228382920564,0.3998966753314782,FALSE,TRUE,TRUE
0.0612749672902453,1,2,0.0612749672902453,0.09879761026240885,0.5424941267566158,TRUE,TRUE,FALSE
0.1492478259606287,2,2,0.316521814706206,0.1492478259606287,0.28244304273640986,FALSE,TRUE,TRUE
0.052251139539293945,2,2,0.49549831198832206,0.052251139539293945,0.067368826828897,FALSE,TRUE,TRUE
0.15795295200401788,3,2,1.0739578784772852,0.22581147375073213,0.15795295200401788,FALSE,TRUE,TRUE
0.041389595132021464,3,2,0.1874919068068266,0.19653246105128946,0.041389595132021464,FALSE,TRUE,TRUE
0.07379347840324045,3,2,0.0984346472347776,0.48062236791238794,0.07379347840324045,FALSE,TRUE,TRUE
0.0368335367834781,1,2,0.0368335367834781,0.04752322776657237,0.06223376493868889,TRUE,TRUE,FALSE
0.0058944346383214,1,2,0.0058944346383214,0.15801815455779433,0.038232597416454656,TRUE,TRUE,FALSE
0.004368050768971443,3,2,0.15743370074778795,0.04403382178861648,0.004368050768971443,FALSE,TRUE,TRUE
0.1347659808320752,1,2,0.1347659808320752,0.13999831990804523,0.3149726405571748,TRUE,FALSE,TRUE
0.2827121847500285,3,2,0.7895816691035036,1.03146702558139,0.2827121847500285,TRUE,FALSE,TRUE
0.08321111276745796,1,2,0.08321111276745796,0.15086181194055825,0.11045459266752006,TRUE,TRUE,FALSE
0.31912087423909197,3,2,1.0505091206708792,0.5748727315175505,0.31912087423909197,FALSE,TRUE,TRUE
0.05767853371798992,3,2,0.599939241977342,0.36612621227383496,0.05767853371798992,FALSE,TRUE,TRUE
0.18924600979194348,2,2,0.2757410671564842,0.18924600979194348,0.31780754437852393,FALSE,TRUE,TRUE
0.1704250176571886,1,2,0.1704250176571886,1.1484703172590656,0.45728449036640656,TRUE,TRUE,FALSE
0.27517923717866255,2,2,0.4797222433952571,0.27517923717866255,0.49251951908034813,FALSE,TRUE,TRUE
0.04187643698727091,1,2,0.04187643698727091,0.12205855164786746,0.10922536730711446,TRUE,TRUE,FALSE
0.035196727700531484,3,2,0.5266037991870212,0.56293573367052685,0.035196727700531484,FALSE,TRUE,TRUE
0.0032080011376546267,1,2,0.0032080011376546267,0.38035117739573726,0.35649388319063674,TRUE,TRUE,FALSE
0.0773384907282889,3,2,0.09945567076404889,0.5435711151547546,0.0773384907282889,FALSE,TRUE,TRUE
0.06202631478663534,2,2,0.09342572244687267,0.06202631478663534,0.06531807538121939,TRUE,TRUE,FALSE
0.014637319940562159,1,2,0.014637319940562159,0.19996268929794733,0.21694610084212484,TRUE,FALSE,TRUE
0.03407529590301355,2,2,0.10885224072262645,0.03407529590301355,0.051430252473801376,FALSE,TRUE,TRUE
0.0020729852840304375,3,2,0.44216000287324597,0.5341904130449237,0.0020729852840304375,FALSE,TRUE,TRUE
0.07193264609668404,2,2,0.27310325554440984,0.07193264609668404,0.2280505910808807,TRUE,TRUE,FALSE
0.0234583873805375,3,2,0.13938818670188385,0.302788685996759,0.0234583873805375,FALSE,TRUE,TRUE
0.04177599702961743,2,2,0.2764035578532752,0.04177599702961743,0.10946424084568898,TRUE,TRUE,FALSE
0.019561567501561832,3,2,0.058838535100221634,0.3057679716561458,0.019561567501561832,TRUE,FALSE,TRUE
0.11186351533979177,2,2,0.7598466320164126,0.11186351533979177,0.21767404432499654,TRUE,TRUE,FALSE
0.09477291364843646,1,2,0.09477291364843646,0.4516281611076058,0.8418099572911173,TRUE,TRUE,FALSE
0.0911064485553652,2,2,0.11986009388541181,0.0911064485553652,0.38406976198959836,TRUE,TRUE,FALSE
0.059637300204485655,2,2,0.2351638585946152,0.059637300204485655,0.19222919283833415,TRUE,TRUE,FALSE
8.114194382238399e-4,2,2,0.34731537226428993,8.114194382238399e-4,0.1383551513776183,TRUE,TRUE,FALSE
0.020659675377620684,3,2,0.5276145897525629,0.4211290809115828,0.020659675377620684,TRUE,FALSE,TRUE
0.08567213092464954,2,2,0.1888935398310423,0.08567213092464954,0.23352071083241946,FALSE,TRUE,TRUE
0.011802634534736473,1,2,0.011802634534736473,0.17531934612311725,0.7700054328468564,TRUE,TRUE,FALSE
0.1739035107800324,3,2,0.23348763304293557,0.43780465375394234,0.1739035107800324,FALSE,TRUE,TRUE
0.5325287002790055,1,2,0.5325287002790055,0.6352726994694317,0.5325951616959048,TRUE,TRUE,FALSE
0.16233353930616623,3,2,0.6301482453054914,0.21194206383725242,0.16233353930616623,FALSE,TRUE,TRUE
0.0487021494485639,3,2,0.9187310083038729,0.15177962847519666,0.0487021494485639,FALSE,TRUE,TRUE
0.0575307215563953,3,2,0.11384927264104286,0.27538406056233056,0.0575307215563953,FALSE,TRUE,TRUE
0.07679484168082136,3,2,0.5019220330782812,0.11260701855644584,0.07679484168082136,TRUE,FALSE,TRUE
0.059842800605110824,2,2,0.3906322121480148,0.059842800605110824,0.5518015932039692,FALSE,TRUE,TRUE
0.1447544217301396,3,2,0.46825574758165833,0.395760138963765,0.1447544217301396,TRUE,FALSE,TRUE
0.023908555880188944,3,2,0.06442623558027286,0.04981441622643282,0.023908555880188944,TRUE,FALSE,TRUE
0.09261983446776867,3,2,0.6787865025021713,0.2946063242996695,0.09261983446776867,TRUE,FALSE,TRUE
0.017461963308354218,1,2,0.017461963308354218,0.03178811659178516,0.44445212565895265,TRUE,FALSE,TRUE
0.008745740676782163,1,2,0.008745740676782163,0.34595704636417635,0.7124655565462343,TRUE,FALSE,TRUE
0.35394420979237196,3,2,0.4071853069609994,0.3543565278688652,0.35394420979237196,FALSE,TRUE,TRUE
0.05794111406430602,3,2,0.45172423153957136,0.18605772963606124,0.05794111406430602,FALSE,TRUE,TRUE
0.040874167730445644,2,2,0.2285762964747846,0.040874167730445644,0.05009085685014725,TRUE,TRUE,FALSE
0.10025958362966776,3,2,0.7076522912410022,0.3420438235520602,0.10025958362966776,FALSE,TRUE,TRUE
0.04931656981352717,2,2,0.2174386739109953,0.04931656981352717,0.21060656315442863,FALSE,TRUE,TRUE
0.07445246804337802,3,2,0.2921521047408074,1.3203441199423018,0.07445246804337802,TRUE,FALSE,TRUE
0.10018255330005683,1,2,0.10018255330005683,0.5596220348646582,0.5815192892811395,TRUE,TRUE,FALSE
0.05619614524766803,1,2,0.05619614524766803,0.2512513091682673,0.24333337395543106,TRUE,TRUE,FALSE
0.19045039385178894,3,2,1.1798274312217778,0.47666837505758414,0.19045039385178894,TRUE,FALSE,TRUE
0.19458447000505458,2,2,0.305711724781398,0.19458447000505458,0.24343126991390598,TRUE,TRUE,FALSE
3.6338919758027813e-4,1,2,3.6338919758027813e-4,0.30864512872763283,0.4828763697044326,TRUE,FALSE,TRUE
0.2318442463769794,2,2,0.9732961877620381,0.2318442463769794,0.36034413537192833,TRUE,TRUE,FALSE
0.03738130329773398,1,2,0.03738130329773398,0.07003590407721545,0.187603120869937,TRUE,TRUE,FALSE
0.004481581971049309,2,2,0.21655660433073837,0.004481581971049309,0.13502294821664693,TRUE,TRUE,FALSE
0.044240536633878946,2,2,0.3929105332602104,0.044240536633878946,0.4771722685293628,FALSE,TRUE,TRUE
0.0017719857084254422,1,2,0.0017719857084254422,0.004489823128096759,0.04626570509726568,TRUE,FALSE,TRUE
0.013080856719517295,1,2,0.013080856719517295,0.022858243555232315,0.16647085843159884,TRUE,TRUE,FALSE
0.08189679524178425,1,2,0.08189679524178425,0.223219866155389,0.19890712387019638,TRUE,FALSE,TRUE
0.0378181412107403,2,2,1.0654822425025583,0.0378181412107403,0.1510732589205528,FALSE,TRUE,TRUE
0.12776475232094528,3,2,0.40028439305564173,0.2859793321590156,0.12776475232094528,TRUE,FALSE,TRUE
0.3107166692446519,3,2,0.7116748699677964,0.37255838777028916,0.3107166692446519,FALSE,TRUE,TRUE
0.029395505967361863,2,2,1.5057581525697552,0.029395505967361863,0.3024944834243108,FALSE,TRUE,TRUE
7.230656909163921e-4,3,2,0.06151281204074621,0.010709304246120155,7.230656909163921e-4,FALSE,TRUE,TRUE
0.03405189408349046,3,2,0.21206561025852957,0.05021223099902272,0.03405189408349046,TRUE,FALSE,TRUE
0.026247525422905302,3,2,0.11799894412979484,0.06827622593846172,0.026247525422905302,TRUE,FALSE,TRUE
0.10943530515457192,1,2,0.10943530515457192,0.1927340729057074,0.2750946732153917,TRUE,TRUE,FALSE
0.27145752235406884,3,2,1.604120280509615,0.5884199025725664,0.27145752235406884,FALSE,TRUE,TRUE
0.03371222159623001,2,2,0.5409510725208204,0.03371222159623001,0.2647829795172239,FALSE,TRUE,TRUE
0.008117212215438485,2,2,0.7234654010163865,0.008117212215438485,0.05587236639112234,FALSE,TRUE,TRUE
0.1350938773714006,3,2,0.8092702421870948,0.22047647110998933,0.1350938773714006,TRUE,FALSE,TRUE
0.022787310964402365,3,2,0.8158468684382361,0.2843715104214485,0.022787310964402365,TRUE,FALSE,TRUE
0.08574897865764797,2,2,0.10052040758951271,0.08574897865764797,0.3225339744072009,FALSE,TRUE,TRUE
0.0681849149055779,3,2,0.26782509958367595,0.07499649841338396,0.0681849149055779,FALSE,TRUE,TRUE
0.02038794079628263,3,2,0.6109993492214113,0.2099351549881727,0.02038794079628263,TRUE,FALSE,TRUE
0.10099023813381791,1,2,0.10099023813381791,0.19745891995286105,0.2601045956751133,TRUE,FALSE,TRUE
0.050510576770951346,1,2,0.050510576770951346,0.09238328249193728,0.062178695853799586,TRUE,TRUE,FALSE
0.026820959174074233,2,2,0.26663357080112304,0.026820959174074233,0.3778839617799569,TRUE,TRUE,FALSE
0.021829011285615003,2,2,0.2260622669321795,0.021829011285615003,0.23390180355960377,FALSE,TRUE,TRUE
0.004794671665877104,2,2,0.09676363334680596,0.004794671665877104,0.14859668574387078,TRUE,TRUE,FALSE
0.17136970907449722,1,2,0.17136970907449722,0.3683349950960339,0.6277594021247213,TRUE,TRUE,FALSE
0.012812625733204186,2,2,0.4237891749028405,0.012812625733204186,0.021709254756569863,TRUE,TRUE,FALSE
0.07931288368999959,3,2,0.08311727775613036,0.21212882198274438,0.07931288368999959,FALSE,TRUE,TRUE
0.09612898789346219,3,2,0.6979661703836695,0.7366376852081628,0.09612898789346219,TRUE,FALSE,TRUE
0.008193410653313318,2,2,0.022384557958784516,0.008193410653313318,0.10315422266721726,FALSE,TRUE,TRUE
0.030825845586756863,1,2,0.030825845586756863,0.4768551160580137,0.2200487080877448,TRUE,TRUE,FALSE
0.00206224387511611,1,2,0.00206224387511611,0.33828838447921283,0.09990519648417831,TRUE,FALSE,TRUE
0.015462331514818645,3,2,0.25069021598607155,0.16805364868582215,0.015462331514818645,TRUE,FALSE,TRUE
0.032516382830494156,2,2,0.6820013709086261,0.032516382830494156,0.17404252029115205,FALSE,TRUE,TRUE
0.01213640170171857,3,2,1.2914526730172036,0.3158027641370178,0.01213640170171857,TRUE,FALSE,TRUE
0.07878288558297085,1,2,0.07878288558297085,0.22992949210336175,0.4062985602598239,TRUE,FALSE,TRUE
0.11684269499012406,2,2,0.4267578730518,0.11684269499012406,0.14492948464209085,TRUE,TRUE,FALSE
0.02564524502183,1,2,0.02564524502183,0.19522426029504947,0.26552785913551097,TRUE,FALSE,TRUE
0.023601871391925225,3,2,0.8701624640153965,0.643093006188208,0.023601871391925225,FALSE,TRUE,TRUE
5.517703371530922e-4,1,2,5.517703371530922e-4,0.20790589576468174,0.11979336086660625,TRUE,TRUE,FALSE
0.026168494601733983,2,2,0.9377129251198135,0.026168494601733983,0.17210779771152068,FALSE,TRUE,TRUE
0.11337704099714757,3,2,0.9614283367431324,0.23813819160996266,0.11337704099714757,TRUE,FALSE,TRUE
0.12261415533721448,3,2,0.1930851318563024,0.35810500474408874,0.12261415533721448,TRUE,FALSE,TRUE
0.06753088748082518,3,2,0.39563030655026843,0.0720993469003588,0.06753088748082518,TRUE,FALSE,TRUE
0.1692891982384026,2,2,0.40566725649009966,0.1692891982384026,0.7153714429167035,FALSE,TRUE,TRUE
0.06625393033027649,3,2,0.7389367290058706,0.3704798768423507,0.06625393033027649,FALSE,TRUE,TRUE
0.034858143888413906,2,2,0.06828737103690703,0.034858143888413906,0.24659279565418013,TRUE,TRUE,FALSE
0.009559755845889105,3,2,0.41510700681398716,0.2855464548233182,0.009559755845889105,FALSE,TRUE,TRUE
0.31659105698459156,2,2,0.3447388081360897,0.31659105698459156,0.4123958092014839,FALSE,TRUE,TRUE
0.014456736738793552,2,2,0.12845781135062376,0.014456736738793552,0.023727644421160224,FALSE,TRUE,TRUE
0.09663197724148631,2,2,0.7623026488549631,0.09663197724148631,0.5034998584286643,FALSE,TRUE,TRUE
0.016589625389315188,2,2,0.3195616953555783,0.016589625389315188,0.12155492724850775,FALSE,TRUE,TRUE
0.0731544677800443,3,2,0.28874192633817997,0.7799791693267347,0.0731544677800443,TRUE,FALSE,TRUE
0.012767459149472415,2,2,0.41356626089503773,0.012767459149472415,0.5977509468457796,FALSE,TRUE,TRUE
0.02446404580939643,2,2,0.029593120922482716,0.02446404580939643,0.11193425226956606,FALSE,TRUE,TRUE
0.01124983502086252,2,2,0.0414586829313396,0.01124983502086252,0.2498488025655771,TRUE,TRUE,FALSE
0.007562147375850212,1,2,0.007562147375850212,0.220101285169187,0.18089817649775985,TRUE,FALSE,TRUE
0.1808296895136865,2,2,0.38856818184098013,0.1808296895136865,0.24301458667954523,FALSE,TRUE,TRUE
0.11228349180892111,3,2,0.5005566421616158,0.322651194863695,0.11228349180892111,TRUE,FALSE,TRUE
0.009098474751226604,2,2,0.6204328921653908,0.009098474751226604,0.17173814716840033,FALSE,TRUE,TRUE
0.24086446537727363,3,2,0.5611678382468718,0.271718429158184,0.24086446537727363,FALSE,TRUE,TRUE
0.07939597265794873,3,2,0.49570675843079326,0.34948304665968427,0.07939597265794873,TRUE,FALSE,TRUE
0.0927595471031964,3,2,0.27944689173473375,0.09942563774529845,0.0927595471031964,TRUE,FALSE,TRUE
0.22042740621925008,2,2,0.3618570198714826,0.22042740621925008,0.2526798877781058,TRUE,TRUE,FALSE
0.040784247871488336,3,2,0.20345039200037718,0.1277504354948178,0.040784247871488336,FALSE,TRUE,TRUE
0.03543329716191704,2,2,0.0633128128704856,0.03543329716191704,0.08125203279732839,TRUE,TRUE,FALSE
0.026011429261416197,2,2,0.49571380959612876,0.026011429261416197,0.3249619837682296,FALSE,TRUE,TRUE
0.05359904638802011,1,2,0.05359904638802011,0.1622283395845443,0.14898856868309932,TRUE,FALSE,TRUE
0.09050993144741548,3,2,0.31813042454262974,0.2396088370022773,0.09050993144741548,FALSE,TRUE,TRUE
0.05064924631733447,2,2,0.2224568617530167,0.05064924631733447,0.4117212138901998,FALSE,TRUE,TRUE
0.03519273731009886,2,2,0.4022157089644711,0.03519273731009886,0.07513562697027984,TRUE,TRUE,FALSE
0.12043121224269271,2,2,0.2713349995373726,0.12043121224269271,0.13296504691243172,FALSE,TRUE,TRUE
0.022028355859220028,2,2,0.33982788149776205,0.022028355859220028,0.8508872664960768,TRUE,TRUE,FALSE
0.01439042748069803,2,2,0.31192848665008166,0.01439042748069803,0.05136454505845905,FALSE,TRUE,TRUE
0.07472622790373862,2,2,0.23950154535341822,0.07472622790373862,0.3968442573975373,FALSE,TRUE,TRUE
0.08256985591724515,3,2,0.27269491365641757,0.09740313631482422,0.08256985591724515,TRUE,FALSE,TRUE
0.07124055968597531,2,2,0.29529687822948303,0.07124055968597531,0.28885362370121964,TRUE,TRUE,FALSE
0.2671585773965145,3,2,0.3067678048445821,0.41550025107161065,0.2671585773965145,TRUE,FALSE,TRUE
0.2029150810453326,2,2,1.1432043977658715,0.2029150810453326,0.48287718796693624,TRUE,TRUE,FALSE
0.06585451199983557,1,2,0.06585451199983557,0.10519634676165879,0.3195600423793841,TRUE,FALSE,TRUE
0.030817813705652952,3,2,0.1791060313892861,0.0620237893457136,0.030817813705652952,TRUE,FALSE,TRUE
0.023289615359940678,3,2,0.41811458765060117,0.03559319044823223,0.023289615359940678,TRUE,FALSE,TRUE
0.05627964887147148,1,2,0.05627964887147148,1.172438387696016,0.12650207858532667,TRUE,FALSE,TRUE
0.039989369083195926,3,2,0.0805713727805262,0.07496442156843841,0.039989369083195926,TRUE,FALSE,TRUE
0.0602883576323644,3,2,0.10584638128057122,0.3063809426862032,0.0602883576323644,TRUE,FALSE,TRUE
0.0952964499592781,1,2,0.0952964499592781,0.6395534746965111,0.13304501762613655,TRUE,TRUE,FALSE
0.07001625457679646,1,2,0.07001625457679646,0.4085768363228501,0.37260750269699583,TRUE,TRUE,FALSE
0.0010918779605535104,3,2,0.0029495788427690663,0.1741480256791443,0.0010918779605535104,FALSE,TRUE,TRUE
0.13822937747463585,3,2,0.2578555534764171,0.23672119839664751,0.13822937747463585,FALSE,TRUE,TRUE
0.04732264177873731,3,2,0.6189524698722443,0.5065378886437477,0.04732264177873731,FALSE,TRUE,TRUE
0.014749574743928278,2,2,0.20302628182495633,0.014749574743928278,0.8545375681538325,FALSE,TRUE,TRUE
0.07537690522149205,3,2,0.36092792356849124,0.1931382582883567,0.07537690522149205,FALSE,TRUE,TRUE
0.15828705131167417,3,2,0.5531330549188536,0.1606360520236194,0.15828705131167417,TRUE,FALSE,TRUE
0.09912930334616743,3,2,0.6891178973148941,0.13517487270291895,0.09912930334616743,FALSE,TRUE,TRUE
0.11219001530359188,1,2,0.11219001530359188,0.7510703578171255,0.687904208864937,TRUE,TRUE,FALSE
0.036783423158340156,2,2,0.09878205166508754,0.036783423158340156,0.14475214002394887,TRUE,TRUE,FALSE
0.03667289577424526,2,2,0.31555657179966556,0.03667289577424526,0.26142387705946213,TRUE,TRUE,FALSE
0.13599880210434395,1,2,0.13599880210434395,0.674611536288792,0.8986110962423232,TRUE,TRUE,FALSE
0.015931801657653524,3,2,0.11573065502131513,0.12234246730804443,0.015931801657653524,FALSE,TRUE,TRUE
0.022577396500855686,3,2,0.13316301781322595,0.08322336070705205,0.022577396500855686,TRUE,FALSE,TRUE
0.09870486583381256,2,2,0.5725272923925137,0.09870486583381256,0.48543569102747564,FALSE,TRUE,TRUE
0.13753113048151136,3,2,1.437672253614092,0.5576007063185514,0.13753113048151136,FALSE,TRUE,TRUE
0.0463197605850193,1,2,0.0463197605850193,0.046430206624791026,0.2935818858276654,TRUE,TRUE,FALSE
0.026042597927153112,3,2,0.3723388975346129,0.6519391112645806,0.026042597927153112,TRUE,FALSE,TRUE
0.04075003715703566,1,2,0.04075003715703566,0.0805570533266291,0.18567674211633534,TRUE,FALSE,TRUE
0.03520450368523598,2,2,0.4253125057891874,0.03520450368523598,0.13896104077899699,FALSE,TRUE,TRUE
0.11138348346576095,3,2,0.25704048852616185,0.16345428326167166,0.11138348346576095,TRUE,FALSE,TRUE
0.0393601579187757,1,2,0.0393601579187757,0.5097883841744126,0.11128090992569924,TRUE,FALSE,TRUE
0.07077850770247526,3,2,0.10061463868866363,0.28365567674741454,0.07077850770247526,FALSE,TRUE,TRUE
0.40755827723253263,3,2,1.1594474085216921,0.5529440040385069,0.40755827723253263,FALSE,TRUE,TRUE
0.15134943964982275,3,2,0.6365473443983078,0.3928234191922296,0.15134943964982275,TRUE,FALSE,TRUE
0.07653779946267605,3,2,0.8336729288922867,0.17120866186451167,0.07653779946267605,FALSE,TRUE,TRUE
0.027191531565040353,3,2,0.1072930220204095,0.2740263123369792,0.027191531565040353,FALSE,TRUE,TRUE
0.06706764109504779,1,2,0.06706764109504779,0.44599459131941804,0.40516267156410707,TRUE,FALSE,TRUE
0.08882477056855956,1,2,0.08882477056855956,0.4747192729054452,0.7424859981563809,TRUE,FALSE,TRUE
0.09899493989845116,1,2,0.09899493989845116,0.5614388542866052,0.30234133860278617,TRUE,FALSE,TRUE
0.04553338550632547,3,2,0.08828095765784383,0.10102327121421695,0.04553338550632547,FALSE,TRUE,TRUE
0.2902177080093148,1,2,0.2902177080093148,0.5306697570022338,0.5920592263004877,TRUE,FALSE,TRUE
0.20974235810688718,2,2,0.2626400700678715,0.20974235810688718,0.3775340966712285,FALSE,TRUE,TRUE
0.03528663013634084,1,2,0.03528663013634084,0.3249559132277251,0.12585129598155617,TRUE,FALSE,TRUE
0.023098815387735762,1,2,0.023098815387735762,0.5726508176570476,0.15239499338111942,TRUE,FALSE,TRUE
0.016151673393324018,2,2,0.2343518851805767,0.016151673393324018,0.03832677512916403,FALSE,TRUE,TRUE
0.1620135613813843,3,2,0.20313349397232133,0.16851006424985826,0.1620135613813843,FALSE,TRUE,TRUE
0.002244626171886921,1,2,0.002244626171886921,0.39003402923927316,0.04761111419647932,TRUE,TRUE,FALSE
0.1026873441413045,3,2,0.4258943843344227,0.4308928161055887,0.1026873441413045,TRUE,FALSE,TRUE
0.09993874405821164,1,2,0.09993874405821164,0.18219306807846133,0.25932863391095645,TRUE,TRUE,FALSE
0.10033955184775495,2,2,1.2107006329342924,0.10033955184775495,0.6291411414406397,TRUE,TRUE,FALSE
0.022042286209762098,3,2,0.5462096335294988,0.06478820671327412,0.022042286209762098,FALSE,TRUE,TRUE
0.22832943055659835,2,2,0.2792060772437891,0.22832943055659835,0.34389356734544896,TRUE,TRUE,FALSE
0.09814766456838697,2,2,1.286236552775932,0.09814766456838697,0.28742575990482416,FALSE,TRUE,TRUE
0.010445413645356894,2,2,0.06765836694588263,0.010445413645356894,0.2143874516626621,FALSE,TRUE,TRUE
0.17029317406316596,1,2,0.17029317406316596,0.2718205081659586,0.34197602121341714,TRUE,FALSE,TRUE
0.03934078838210553,2,2,0.2616998284200656,0.03934078838210553,0.3009314831178237,FALSE,TRUE,TRUE
0.05151623245328665,3,2,1.1139287352001828,0.8689892081950011,0.05151623245328665,FALSE,TRUE,TRUE
0.007167695975071761,3,2,0.5901345306106489,0.29955692076005347,0.007167695975071761,TRUE,FALSE,TRUE
0.08047741021674526,3,2,0.374656932724917,0.16840034408960491,0.08047741021674526,FALSE,TRUE,TRUE
0.08862549964123538,3,2,0.3933609491074126,0.8384094815281155,0.08862549964123538,FALSE,TRUE,TRUE
0.03389517171308398,2,2,0.43180048247019853,0.03389517171308398,0.14952711555266623,TRUE,TRUE,FALSE
0.1014215825125575,3,2,0.2317554498936023,0.6074758921434821,0.1014215825125575,TRUE,FALSE,TRUE
0.09641960217326699,2,2,0.29700451290509955,0.09641960217326699,0.3744789272378732,FALSE,TRUE,TRUE
0.04394386801868677,2,2,0.13912585952008763,0.04394386801868677,0.285328242538457,FALSE,TRUE,TRUE
0.13305529607459904,3,2,0.7785946312759933,0.3767178841965817,0.13305529607459904,FALSE,TRUE,TRUE
0.07570331953465939,3,2,0.13234380601594845,0.7141568601809579,0.07570331953465939,TRUE,FALSE,TRUE
0.16344966867472976,2,2,0.5327924465952096,0.16344966867472976,0.3702731497417737,FALSE,TRUE,TRUE
0.20483915359476085,2,2,0.45968081552376755,0.20483915359476085,0.5298690709964705,TRUE,TRUE,FALSE
0.07782828891649843,3,2,0.2856381678503249,0.28919379644908316,0.07782828891649843,FALSE,TRUE,TRUE
0.020307375734444088,2,2,0.34594829348067846,0.020307375734444088,0.11787690945240559,TRUE,TRUE,FALSE
0.2681639899860353,2,2,0.616339912610062,0.2681639899860353,0.3651670552622128,TRUE,TRUE,FALSE
0.041203931421752334,2,2,0.36323904182603367,0.041203931421752334,0.19063748830458382,FALSE,TRUE,TRUE
0.04447978160087097,3,2,0.40228454532040736,0.06553831871133298,0.04447978160087097,FALSE,TRUE,TRUE
0.07159482105635107,2,2,0.11150616557300749,0.07159482105635107,0.10162842497229577,TRUE,TRUE,FALSE
0.013911040616221726,2,2,0.03465160457688381,0.013911040616221726,0.45658483270300876,TRUE,TRUE,FALSE
0.16857740876730531,2,2,0.7824049572971583,0.16857740876730531,0.38364485217993105,TRUE,TRUE,FALSE
0.10777958179824054,2,2,0.1694757471171518,0.10777958179824054,0.13864461749033374,TRUE,TRUE,FALSE
0.21816271170133597,3,2,0.29259095991492673,1.2917603462597391,0.21816271170133597,FALSE,TRUE,TRUE
0.038636901997961104,2,2,1.2805937737147897,0.038636901997961104,0.22796064297759777,FALSE,TRUE,TRUE
1.1359450272380189e-4,3,2,0.5496541496368106,0.6794747798388542,1.1359450272380189e-4,FALSE,TRUE,TRUE
0.08941061740538586,3,2,0.5490022059249958,0.13327321270480752,0.08941061740538586,TRUE,FALSE,TRUE
0.16280304345612723,1,2,0.16280304345612723,0.167982536717318,0.23632448463791855,TRUE,TRUE,FALSE
0.07589562221032736,3,2,0.44554219517698296,0.3200863785936714,0.07589562221032736,FALSE,TRUE,TRUE
0.015196425643628097,1,2,0.015196425643628097,0.21799780613623862,0.2450144437989021,TRUE,FALSE,TRUE
0.0010997233912348747,2,2,0.07011421956121922,0.0010997233912348747,0.2129728801464463,FALSE,TRUE,TRUE
0.034121061985691384,1,2,0.034121061985691384,0.11791558028198779,0.23404059130163568,TRUE,TRUE,FALSE
0.025979113519117206,2,2,0.24733130896827166,0.025979113519117206,0.12902459260076285,TRUE,TRUE,FALSE
0.15217678838719922,1,2,0.15217678838719922,0.2935144822008193,0.15759325771683697,TRUE,TRUE,FALSE
0.005812017680665396,3,2,0.25207200338889035,0.09637721662875265,0.005812017680665396,TRUE,FALSE,TRUE
0.04580375216901303,3,2,0.20933258284821848,0.3951517871315017,0.04580375216901303,TRUE,FALSE,TRUE
0.012346420509407305,1,2,0.012346420509407305,0.2910129269479991,0.10173797020688653,TRUE,TRUE,FALSE
0.019415040026377,2,2,0.47231112790287344,0.019415040026377,0.2859109755437423,FALSE,TRUE,TRUE
0.0398213241381937,2,2,0.6514158937800011,0.0398213241381937,0.20220453812831884,FALSE,TRUE,TRUE
0.02897793799638748,2,2,1.000151108679908,0.02897793799638748,0.11152234012261034,FALSE,TRUE,TRUE
0.21101865700135627,1,2,0.21101865700135627,0.508099133226751,0.4265240665273143,TRUE,FALSE,TRUE
0.11755639252563317,1,2,0.11755639252563317,0.558198702024454,0.5496282350019885,TRUE,FALSE,TRUE
0.09523229487240314,3,2,0.17168662681554753,0.43864461702782687,0.09523229487240314,TRUE,FALSE,TRUE
0.2335709227509702,2,2,0.25896803200523266,0.2335709227509702,0.3519007883797933,FALSE,TRUE,TRUE
0.18537369895200845,2,2,0.19928783318027854,0.18537369895200845,0.22556814438754566,TRUE,TRUE,FALSE
0.005815272059700702,3,2,0.18898628931492567,0.15816400421317667,0.005815272059700702,TRUE,FALSE,TRUE
0.12688012775033713,3,2,0.4727090845225335,0.22507207257554238,0.12688012775033713,TRUE,FALSE,TRUE
0.03882399096619338,2,2,0.16452388543014723,0.03882399096619338,0.06434196457266808,TRUE,TRUE,FALSE
0.13203961995895952,2,2,1.1469920873081845,0.13203961995895952,0.15090580507272724,FALSE,TRUE,TRUE
0.2320271559634306,3,2,0.5774774898805302,0.24659670026853983,0.2320271559634306,FALSE,TRUE,TRUE
0.133610715623945,2,2,0.32290202551502145,0.133610715623945,0.21231170948756023,FALSE,TRUE,TRUE
0.14669479755684733,2,2,0.26490452195361375,0.14669479755684733,0.27895082308161745,FALSE,TRUE,TRUE
0.17625793124640232,3,2,1.2057317860966128,0.6388800837715806,0.17625793124640232,TRUE,FALSE,TRUE
0.016800210267356536,3,2,0.1523922262713313,0.030850972631014884,0.016800210267356536,TRUE,FALSE,TRUE
0.1185205725952983,3,2,1.493824984794283,0.4013972477777363,0.1185205725952983,FALSE,TRUE,TRUE
0.0322485500116075,2,2,0.23204867602477874,0.0322485500116075,0.09110792065039278,FALSE,TRUE,TRUE
